id,FirstName,LastName,KnesstetSiteId,ImageUrl
-3,משה,פסל,1124,https://fs.knesset.gov.il/globaldocs/MK/1124/1_1124_3_20007.jpeg
-2,ירון,עמוס לוי,1127,https://fs.knesset.gov.il/globaldocs/MK/1127/1_1127_3_20229.png
405,בנימין,אלון,12,https://fs.knesset.gov.il/globaldocs/MK/12/1_12_3_36.jpeg
412,צבי,הנדל,46,https://fs.knesset.gov.il/globaldocs/MK/46/1_46_3_126.jpeg
417,רחבעם,זאבי,51,https://fs.knesset.gov.il/globaldocs/MK/51/1_51_3_141.jpeg
421,אליעזר,כהן,209,https://fs.knesset.gov.il/globaldocs/MK/209/1_209_3_525.jpeg
427,אביגדור,ליברמן,214,https://fs.knesset.gov.il/globaldocs/MK/214/1_214_3_548.jpeg
430,יורי,שטרן,121,https://fs.knesset.gov.il/globaldocs/MK/121/1_121_3_331.jpeg
431,קולט,אביטל,704,https://fs.knesset.gov.il/globaldocs/MK/704/1_704_3_1535.jpeg
432,אפי,אושעיה,6,https://fs.knesset.gov.il/globaldocs/MK/6/1_6_3_17.jpeg
433,דליה,איציק,8,https://fs.knesset.gov.il/globaldocs/MK/8/1_8_3_27.jpeg
434,אברהם,בורג,137,https://fs.knesset.gov.il/globaldocs/MK/137/1_137_3_366.jpeg
435,בנימין,בן-אליעזר,20,https://fs.knesset.gov.il/globaldocs/MK/20/1_20_3_59.jpeg
437,אלי,בן-מנחם,22,https://fs.knesset.gov.il/globaldocs/MK/22/1_22_3_64.jpeg
439,שלמה,בן-עמי,23,https://fs.knesset.gov.il/globaldocs/MK/23/1_23_3_66.jpeg
441,יעל,דיין,39,https://fs.knesset.gov.il/globaldocs/MK/39/1_39_3_104.jpeg
442,סאלח,טריף,59,https://fs.knesset.gov.il/globaldocs/MK/59/1_59_3_157.jpeg
444,אברהם,יחזקאל,62,https://fs.knesset.gov.il/globaldocs/MK/62/1_62_3_163.jpeg
445,איתן,כבל,64,https://fs.knesset.gov.il/globaldocs/MK/64/1_64_3_171.jpeg
446,רענן,כהן,67,https://fs.knesset.gov.il/globaldocs/MK/67/1_67_3_185.jpeg
447,יוסי,כץ,68,https://fs.knesset.gov.il/globaldocs/MK/68/1_68_3_187.jpeg
448,סופה,לנדבר,78,https://fs.knesset.gov.il/globaldocs/MK/78/1_78_3_218.jpeg
449,מיכאל,מלכיאור,220,https://fs.knesset.gov.il/globaldocs/MK/220/1_220_3_566.jpeg
453,נואף,מסאלחה,85,https://fs.knesset.gov.il/globaldocs/MK/85/1_85_3_235.jpeg
454,אפרים,סנה,94,https://fs.knesset.gov.il/globaldocs/MK/94/1_94_3_265.jpeg
455,אופיר,פינס-פז,100,https://fs.knesset.gov.il/globaldocs/MK/100/1_100_3_278.jpeg
456,שמעון,פרס,104,https://fs.knesset.gov.il/globaldocs/MK/104/1_104_3_288.jpeg
458,חיים,רמון,115,https://fs.knesset.gov.il/globaldocs/MK/115/1_115_3_317.jpeg
459,אברהם-בייגה,שוחט,117,https://fs.knesset.gov.il/globaldocs/MK/117/1_117_3_321.jpeg
460,ויצמן,שירי,205,https://fs.knesset.gov.il/globaldocs/MK/205/1_205_3_510.jpeg
461,שלום,שמחון,123,https://fs.knesset.gov.il/globaldocs/MK/123/1_123_3_338.jpeg
462,מיכאל,איתן,9,https://fs.knesset.gov.il/globaldocs/MK/9/1_9_3_30.jpeg
463,משה,ארנס,278,https://fs.knesset.gov.il/globaldocs/MK/278/1_278_3_688.jpeg
464,זאב,בוים,16,https://fs.knesset.gov.il/globaldocs/MK/16/1_16_3_50.jpeg
465,נעמי,בלומנטל,19,https://fs.knesset.gov.il/globaldocs/MK/19/1_19_3_56.jpeg
466,אברהם,הירשזון,42,https://fs.knesset.gov.il/globaldocs/MK/42/1_42_3_113.jpeg
467,צחי,הנגבי,45,https://fs.knesset.gov.il/globaldocs/MK/45/1_45_3_121.jpeg
468,ישראל,כץ,69,https://fs.knesset.gov.il/globaldocs/MK/69/1_69_3_191.jpeg
469,ציפי,לבני,213,https://fs.knesset.gov.il/globaldocs/MK/213/1_213_3_542.jpeg
470,לימור,לבנת,70,https://fs.knesset.gov.il/globaldocs/MK/70/1_70_3_197.jpeg
471,עוזי,לנדאו,77,https://fs.knesset.gov.il/globaldocs/MK/77/1_77_3_213.jpeg
472,יהושע,מצא,86,https://fs.knesset.gov.il/globaldocs/MK/86/1_86_3_237.jpeg
473,דני,נוה,223,https://fs.knesset.gov.il/globaldocs/MK/223/1_223_3_575.jpeg
474,גדעון,עזרא,96,https://fs.knesset.gov.il/globaldocs/MK/96/1_96_3_270.jpeg
475,איוב,קרא,230,https://fs.knesset.gov.il/globaldocs/MK/230/1_230_3_591.jpeg
476,ראובן,ריבלין,114,https://fs.knesset.gov.il/globaldocs/MK/114/1_114_3_314.jpeg
477,יובל,שטייניץ,695,https://fs.knesset.gov.il/globaldocs/MK/695/1_695_3_1514.jpeg
478,מאיר,שטרית,119,https://fs.knesset.gov.il/globaldocs/MK/119/1_119_3_326.jpeg
479,סילבן,שלום,122,https://fs.knesset.gov.il/globaldocs/MK/122/1_122_3_334.jpeg
482,אריאל,שרון,125,https://fs.knesset.gov.il/globaldocs/MK/125/1_125_3_342.jpeg
483,דוד,אזולאי,7,https://fs.knesset.gov.il/globaldocs/MK/7/1_7_3_21.jpeg
484,שלמה,בניזרי,25,https://fs.knesset.gov.il/globaldocs/MK/25/1_25_3_70.jpeg
485,יצחק,גאגולה,198,https://fs.knesset.gov.il/globaldocs/MK/198/1_198_3_485.jpeg
486,אריה,גמליאל,34,https://fs.knesset.gov.il/globaldocs/MK/34/1_34_3_89.jpeg
487,נסים,דהן,37,https://fs.knesset.gov.il/globaldocs/MK/37/1_37_3_100.jpeg
488,יצחק,וקנין,50,https://fs.knesset.gov.il/globaldocs/MK/50/1_50_3_136.jpeg
490,נסים,זאב,206,https://fs.knesset.gov.il/globaldocs/MK/206/1_206_3_513.jpeg
492,עופר,חוגי,207,https://fs.knesset.gov.il/globaldocs/MK/207/1_207_3_516.jpeg
493,דוד,טל,58,https://fs.knesset.gov.il/globaldocs/MK/58/1_58_3_155.jpeg
494,אליהו,ישי,63,https://fs.knesset.gov.il/globaldocs/MK/63/1_63_3_166.jpeg
495,אמנון,כהן,210,https://fs.knesset.gov.il/globaldocs/MK/210/1_210_3_528.jpeg
498,משולם,נהרי,222,https://fs.knesset.gov.il/globaldocs/MK/222/1_222_3_572.jpeg
499,יצחק,סבן,225,https://fs.knesset.gov.il/globaldocs/MK/225/1_225_3_579.jpeg
500,אליהו,סויסה,226,https://fs.knesset.gov.il/globaldocs/MK/226/1_226_3_581.jpeg
501,יאיר,פרץ,228,https://fs.knesset.gov.il/globaldocs/MK/228/1_228_3_585.jpeg
503,אילן,גילאון,200,https://fs.knesset.gov.il/globaldocs/MK/200/1_200_3_491.jpeg
504,זהבה,גלאון,201,https://fs.knesset.gov.il/globaldocs/MK/201/1_201_3_498.jpeg
505,אבשלום,וילן,203,https://fs.knesset.gov.il/globaldocs/MK/203/1_203_3_505.jpeg
506,נעמי,חזן,56,https://fs.knesset.gov.il/globaldocs/MK/56/1_56_3_151.jpeg
507,רן,כהן,66,https://fs.knesset.gov.il/globaldocs/MK/66/1_66_3_183.jpeg
509,ענת,מאור,80,https://fs.knesset.gov.il/globaldocs/MK/80/1_80_3_225.jpeg
510,אמנון,רובינשטיין,113,https://fs.knesset.gov.il/globaldocs/MK/113/1_113_3_311.jpeg
511,מוסי,רז,708,https://fs.knesset.gov.il/globaldocs/MK/708/1_708_3_1545.jpeg
512,יוסי,שריד,126,https://fs.knesset.gov.il/globaldocs/MK/126/1_126_3_344.jpeg
513,ויקטור,בריילובסקי,196,https://fs.knesset.gov.il/globaldocs/MK/196/1_196_3_479.jpeg
517,יוסף (טומי),לפיד,217,https://fs.knesset.gov.il/globaldocs/MK/217/1_217_3_560.jpeg
518,יהודית,נאות,221,https://fs.knesset.gov.il/globaldocs/MK/221/1_221_3_568.jpeg
519,אברהם,פורז,98,https://fs.knesset.gov.il/globaldocs/MK/98/1_98_3_274.jpeg
520,יוסף יצחק,פריצקי,227,https://fs.knesset.gov.il/globaldocs/MK/227/1_227_3_583.jpeg
521,זבולון,אורלב,194,https://fs.knesset.gov.il/globaldocs/MK/194/1_194_3_477.jpeg
522,יגאל,ביבי,17,https://fs.knesset.gov.il/globaldocs/MK/17/1_17_3_52.jpeg
523,חיים,דרוקמן,202,https://fs.knesset.gov.il/globaldocs/MK/202/1_202_3_503.jpeg
524,שאול,יהלום,61,https://fs.knesset.gov.il/globaldocs/MK/61/1_61_3_161.jpeg
525,נחום,לנגנטל,696,https://fs.knesset.gov.il/globaldocs/MK/696/1_696_3_1519.jpeg
526,משה,גפני,35,https://fs.knesset.gov.il/globaldocs/MK/35/1_35_3_93.jpeg
527,שמואל,הלפרט,43,https://fs.knesset.gov.il/globaldocs/MK/43/1_43_3_115.jpeg
528,יעקב,ליצמן,216,https://fs.knesset.gov.il/globaldocs/MK/216/1_216_3_555.jpeg
531,אברהם,רביץ,112,https://fs.knesset.gov.il/globaldocs/MK/112/1_112_3_309.jpeg
532,יולי יואל,אדלשטיין,1,https://fs.knesset.gov.il/globaldocs/MK/1/1_1_3_4.jpeg
533,מרינה,סולודקין,91,https://fs.knesset.gov.il/globaldocs/MK/91/1_91_3_254.jpeg
534,גנדי,ריגר,232,https://fs.knesset.gov.il/globaldocs/MK/232/1_232_3_598.jpeg
535,נתן,שרנסקי,127,https://fs.knesset.gov.il/globaldocs/MK/127/1_127_3_346.jpeg
536,דוד,לוי,72,https://fs.knesset.gov.il/globaldocs/MK/72/1_72_3_202.jpeg
537,מקסים,לוי,74,https://fs.knesset.gov.il/globaldocs/MK/74/1_74_3_206.jpeg
538,מרדכי,משעני,709,https://fs.knesset.gov.il/globaldocs/MK/709/1_709_3_1550.jpeg
539,דליה,רבין-פילוסוף,231,https://fs.knesset.gov.il/globaldocs/MK/231/1_231_3_596.jpeg
540,מוחמד,ברכה,197,https://fs.knesset.gov.il/globaldocs/MK/197/1_197_3_482.jpeg
541,תמר,גוז'נסקי,31,https://fs.knesset.gov.il/globaldocs/MK/31/1_31_3_83.jpeg
542,עסאם,מח'ול,218,https://fs.knesset.gov.il/globaldocs/MK/218/1_218_3_562.jpeg
543,יחיאל,לסרי,712,https://fs.knesset.gov.il/globaldocs/MK/712/1_712_3_1556.jpeg
544,דוד,מגן,82,https://fs.knesset.gov.il/globaldocs/MK/82/1_82_3_229.jpeg
545,רוני,מילוא,155,https://fs.knesset.gov.il/globaldocs/MK/155/1_155_3_400.jpeg
546,דן,מרידור,88,https://fs.knesset.gov.il/globaldocs/MK/88/1_88_3_242.jpeg
548,נחמה,רונן,711,https://fs.knesset.gov.il/globaldocs/MK/711/1_711_3_1554.jpeg
549,טלב,אלסאנע,13,https://fs.knesset.gov.il/globaldocs/MK/13/1_13_3_39.jpeg
550,עבד-אלמאלכ,דהאמשה,36,https://fs.knesset.gov.il/globaldocs/MK/36/1_36_3_98.jpeg
551,האשם,מחאמיד,83,https://fs.knesset.gov.il/globaldocs/MK/83/1_83_3_231.jpeg
552,רומן,ברונפמן,26,https://fs.knesset.gov.il/globaldocs/MK/26/1_26_3_72.jpeg
553,אלכסנדר,צינקר,229,https://fs.knesset.gov.il/globaldocs/MK/229/1_229_3_587.jpeg
554,תאופיק,חטיב,57,https://fs.knesset.gov.il/globaldocs/MK/57/1_57_3_153.jpeg
555,מוחמד,כנעאן,211,https://fs.knesset.gov.il/globaldocs/MK/211/1_211_3_531.jpeg
556,חיים,כץ,212,https://fs.knesset.gov.il/globaldocs/MK/212/1_212_3_535.jpeg
557,עמיר,פרץ,105,https://fs.knesset.gov.il/globaldocs/MK/105/1_105_3_292.jpeg
558,עזמי,בשארה,29,https://fs.knesset.gov.il/globaldocs/MK/29/1_29_3_79.jpeg
559,מיכאל,קליינר,109,https://fs.knesset.gov.il/globaldocs/MK/109/1_109_3_303.jpeg
560,אחמד,טיבי,208,https://fs.knesset.gov.il/globaldocs/MK/208/1_208_3_520.jpeg
563,מאיר,פרוש,103,https://fs.knesset.gov.il/globaldocs/MK/103/1_103_3_285.jpeg
564,רחמים,מלול,219,https://fs.knesset.gov.il/globaldocs/MK/219/1_219_3_564.jpeg
565,מיכאל,נודלמן,89,https://fs.knesset.gov.il/globaldocs/MK/89/1_89_3_244.jpeg
567,אליעזר,זנדברג,54,https://fs.knesset.gov.il/globaldocs/MK/54/1_54_3_147.jpeg
580,יצחק,כהן,65,https://fs.knesset.gov.il/globaldocs/MK/65/1_65_3_178.jpeg
584,שמואל,אביטל,130,https://fs.knesset.gov.il/globaldocs/MK/130/1_130_3_352.jpeg
713,אורי,אריאל,713,https://fs.knesset.gov.il/globaldocs/MK/713/1_713_3_1560.jpeg
755,אלי,כהן,714,https://fs.knesset.gov.il/globaldocs/MK/714/1_714_3_1565.jpeg
763,אפי,איתם,715,https://fs.knesset.gov.il/globaldocs/MK/715/1_715_3_1567.jpeg
765,יצחק,לוי,73,https://fs.knesset.gov.il/globaldocs/MK/73/1_73_3_204.jpeg
818,יהודה,גלעד,716,https://fs.knesset.gov.il/globaldocs/MK/716/1_716_3_1569.jpeg
860,אלי,גולדשמידט,33,https://fs.knesset.gov.il/globaldocs/MK/33/1_33_3_87.jpeg
861,עוזי,ברעם,27,https://fs.knesset.gov.il/globaldocs/MK/27/1_27_3_74.jpeg
862,משה,קצב,110,https://fs.knesset.gov.il/globaldocs/MK/110/1_110_3_305.jpeg
865,אורית,נוקד,717,https://fs.knesset.gov.il/globaldocs/MK/717/1_717_3_1572.jpeg
889,צלי,רשף,718,https://fs.knesset.gov.il/globaldocs/MK/718/1_718_3_1574.jpeg
926,עוזי,אבן,719,https://fs.knesset.gov.il/globaldocs/MK/719/1_719_3_1576.jpeg
949,שאול,מופז,720,https://fs.knesset.gov.il/globaldocs/MK/720/1_720_3_1579.jpeg
965,בנימין,נתניהו,90,https://fs.knesset.gov.il/globaldocs/MK/90/1_90_3_248.jpeg
986,פנחס,צברי,722,https://fs.knesset.gov.il/globaldocs/MK/722/1_722_3_1582.jpeg
1025,גילה,גמליאל,723,https://fs.knesset.gov.il/globaldocs/MK/723/1_723_3_1586.jpeg
1026,רוחמה,אברהם-בלילא,724,https://fs.knesset.gov.il/globaldocs/MK/724/1_724_3_1592.jpeg
1027,גדעון,סער,725,https://fs.knesset.gov.il/globaldocs/MK/725/1_725_3_1595.jpeg
1028,דניאל,בנלולו,726,https://fs.knesset.gov.il/globaldocs/MK/726/1_726_3_1598.jpeg
1029,מיכאל,רצון,169,https://fs.knesset.gov.il/globaldocs/MK/169/1_169_3_428.jpeg
1030,מגלי,והבה,727,https://fs.knesset.gov.il/globaldocs/MK/727/1_727_3_1601.jpeg
1031,יעקב,אדרי,728,https://fs.knesset.gov.il/globaldocs/MK/728/1_728_3_1604.jpeg
1032,אהוד,יתום,729,https://fs.knesset.gov.il/globaldocs/MK/729/1_729_3_1606.jpeg
1033,אלי,אפללו,730,https://fs.knesset.gov.il/globaldocs/MK/730/1_730_3_1609.jpeg
1034,משה,כחלון,731,https://fs.knesset.gov.il/globaldocs/MK/731/1_731_3_1612.jpeg
1035,עמרי,שרון,732,https://fs.knesset.gov.il/globaldocs/MK/732/1_732_3_1615.jpeg
1036,מיכאל,גורלובסקי,733,https://fs.knesset.gov.il/globaldocs/MK/733/1_733_3_1617.jpeg
1037,גלעד,ארדן,734,https://fs.knesset.gov.il/globaldocs/MK/734/1_734_3_1621.jpeg
1038,רוני,בר-און,735,https://fs.knesset.gov.il/globaldocs/MK/735/1_735_3_1627.jpeg
1039,ענבל,גבריאלי,736,https://fs.knesset.gov.il/globaldocs/MK/736/1_736_3_1629.jpeg
1040,יחיאל,חזן,737,https://fs.knesset.gov.il/globaldocs/MK/737/1_737_3_1631.jpeg
1041,לאה,נס,738,https://fs.knesset.gov.il/globaldocs/MK/738/1_738_3_1634.jpeg
1042,עמרם,מצנע,739,https://fs.knesset.gov.il/globaldocs/MK/739/1_739_3_1637.jpeg
1043,יולי,תמיר,697,https://fs.knesset.gov.il/globaldocs/MK/697/1_697_3_1521.jpeg
1044,יצחק,הרצוג,740,https://fs.knesset.gov.il/globaldocs/MK/740/1_740_3_1642.jpeg
1045,דני,יתום,741,https://fs.knesset.gov.il/globaldocs/MK/741/1_741_3_1647.jpeg
1046,אילן,שלגי,742,https://fs.knesset.gov.il/globaldocs/MK/742/1_742_3_1649.jpeg
1047,מל,פולישוק-בלוך,743,https://fs.knesset.gov.il/globaldocs/MK/743/1_743_3_1651.jpeg
1048,רשף,חן,744,https://fs.knesset.gov.il/globaldocs/MK/744/1_744_3_1653.jpeg
1049,רוני,בריזון,745,https://fs.knesset.gov.il/globaldocs/MK/745/1_745_3_1655.jpeg
1050,אהוד,רצאבי,746,https://fs.knesset.gov.il/globaldocs/MK/746/1_746_3_1657.jpeg
1051,אתי,לבני,747,https://fs.knesset.gov.il/globaldocs/MK/747/1_747_3_1659.jpeg
1052,אילן,ליבוביץ,748,https://fs.knesset.gov.il/globaldocs/MK/748/1_748_3_1661.jpeg
1053,חמי,דורון,749,https://fs.knesset.gov.il/globaldocs/MK/749/1_749_3_1663.jpeg
1054,יגאל,יאסינוב,750,https://fs.knesset.gov.il/globaldocs/MK/750/1_750_3_1665.jpeg
1055,אריה,אלדד,752,https://fs.knesset.gov.il/globaldocs/MK/752/1_752_3_1675.jpeg
1056,יעקב,מרגי,751,https://fs.knesset.gov.il/globaldocs/MK/751/1_751_3_1669.jpeg
1057,ישראל,אייכלר,754,https://fs.knesset.gov.il/globaldocs/MK/754/1_754_3_1681.jpeg
1059,גילה,פינקלשטיין,753,https://fs.knesset.gov.il/globaldocs/MK/753/1_753_3_1677.jpeg
1061,ג'מאל,זחאלקה,756,https://fs.knesset.gov.il/globaldocs/MK/756/1_756_3_1690.jpeg
1062,ואסל,טאהא,757,https://fs.knesset.gov.il/globaldocs/MK/757/1_757_3_1695.jpeg
1063,אילנה,כהן,755,https://fs.knesset.gov.il/globaldocs/MK/755/1_755_3_1686.jpeg
1064,אהוד,אולמרט,3,https://fs.knesset.gov.il/globaldocs/MK/3/1_3_3_11.jpeg
1065,חיים,אורון,5,https://fs.knesset.gov.il/globaldocs/MK/5/1_5_3_15.jpeg
1067,מתן,וילנאי,204,https://fs.knesset.gov.il/globaldocs/MK/204/1_204_3_508.jpeg
1068,ניסן,סלומינסקי,92,https://fs.knesset.gov.il/globaldocs/MK/92/1_92_3_258.jpeg
2014,גאלב,מג'אדלה,758,https://fs.knesset.gov.il/globaldocs/MK/758/1_758_3_1698.jpeg
2114,משה,שרת,672,https://fs.knesset.gov.il/globaldocs/MK/672/1_672_3_1470.jpeg
2116,אחמד,א'-דאהר,129,https://fs.knesset.gov.il/globaldocs/MK/129/1_129_3_350.jpeg
2117,חמאד,אבו-רביעה,180,https://fs.knesset.gov.il/globaldocs/MK/180/1_180_3_450.jpeg
2118,לביב,אבו-רוכן,233,https://fs.knesset.gov.il/globaldocs/MK/233/1_233_3_600.jpeg
2119,אהרן,אבוחצירא,178,https://fs.knesset.gov.il/globaldocs/MK/178/1_178_3_446.jpeg
2120,אליעזר,אבטבי,234,https://fs.knesset.gov.il/globaldocs/MK/234/1_234_3_602.jpeg
2121,מאיר,אביזוהר,235,https://fs.knesset.gov.il/globaldocs/MK/235/1_235_3_604.jpeg
2122,אבא,אבן,236,https://fs.knesset.gov.il/globaldocs/MK/236/1_236_3_606.jpeg
2123,בנימין,אבניאל,237,https://fs.knesset.gov.il/globaldocs/MK/237/1_237_3_608.jpeg
2124,אורי,אבנרי,238,https://fs.knesset.gov.il/globaldocs/MK/238/1_238_3_610.jpeg
2125,אהוד,אבריאל,239,https://fs.knesset.gov.il/globaldocs/MK/239/1_239_3_612.jpeg
2132,אורי,אור,4,https://fs.knesset.gov.il/globaldocs/MK/4/1_4_3_13.jpeg
2133,יעקב,אורי,246,https://fs.knesset.gov.il/globaldocs/MK/246/1_246_3_624.jpeg
2134,ברוך,אזניה,247,https://fs.knesset.gov.il/globaldocs/MK/247/1_247_3_626.jpeg
2135,יוסף,אחימאיר,131,https://fs.knesset.gov.il/globaldocs/MK/131/1_131_3_354.jpeg
2136,בבה,אידלסון,248,https://fs.knesset.gov.il/globaldocs/MK/248/1_248_3_628.jpeg
2137,עזרא,איכילוב,249,https://fs.knesset.gov.il/globaldocs/MK/249/1_249_3_630.jpeg
2138,רפאל,איתן,10,https://fs.knesset.gov.il/globaldocs/MK/10/1_10_3_32.jpeg
2139,מרדכי,אלגרבלי,252,https://fs.knesset.gov.il/globaldocs/MK/252/1_252_3_636.jpeg
2140,צבי,אלדרוטי,253,https://fs.knesset.gov.il/globaldocs/MK/253/1_253_3_638.jpeg
2141,רפאל,אלול,11,https://fs.knesset.gov.il/globaldocs/MK/11/1_11_3_34.jpeg
2142,יגאל,אלון,682,https://fs.knesset.gov.il/globaldocs/MK/682/1_682_3_1490.jpeg
2143,שולמית,אלוני,132,https://fs.knesset.gov.il/globaldocs/MK/132/1_132_3_356.jpeg
2144,סיף-אלדין,אלזועבי,251,https://fs.knesset.gov.il/globaldocs/MK/251/1_251_3_634.jpeg
2145,אריה,אלטמן,254,https://fs.knesset.gov.il/globaldocs/MK/254/1_254_3_640.jpeg
2146,אריה לובה,אליאב,255,https://fs.knesset.gov.il/globaldocs/MK/255/1_255_3_642.jpeg
2147,שלמה,אליהו,256,https://fs.knesset.gov.il/globaldocs/MK/256/1_256_3_644.jpeg
2148,נסים,אליעד,257,https://fs.knesset.gov.il/globaldocs/MK/257/1_257_3_646.jpeg
2149,אליהו,אלישר,258,https://fs.knesset.gov.il/globaldocs/MK/258/1_258_3_648.jpeg
2150,יוסף-אהרון,אלמוגי,259,https://fs.knesset.gov.il/globaldocs/MK/259/1_259_3_650.jpeg
2151,אברהם,אלמליח,260,https://fs.knesset.gov.il/globaldocs/MK/260/1_260_3_652.jpeg
2152,עדיאל,אמוראי,261,https://fs.knesset.gov.il/globaldocs/MK/261/1_261_3_654.jpeg
2153,יעקב-ז'אק,אמיר,262,https://fs.knesset.gov.il/globaldocs/MK/262/1_262_3_656.jpeg
2154,מחמוד,אנאשף,ERROR,#N/A
2155,ארי,אנקוריון,263,https://fs.knesset.gov.il/globaldocs/MK/263/1_263_3_658.jpeg
2156,ירחמיאל,אסא,264,https://fs.knesset.gov.il/globaldocs/MK/264/1_264_3_660.jpeg
2157,אסעד,אסעד,133,https://fs.knesset.gov.il/globaldocs/MK/133/1_133_3_358.jpeg
2158,שפיק,אסעד,265,https://fs.knesset.gov.il/globaldocs/MK/265/1_265_3_662.jpeg
2160,אהרון,אפרת,267,https://fs.knesset.gov.il/globaldocs/MK/267/1_267_3_666.jpeg
2161,יוסף,אפרתי,268,https://fs.knesset.gov.il/globaldocs/MK/268/1_268_3_668.jpeg
2162,שושנה,ארבלי-אלמוזלינו,269,https://fs.knesset.gov.il/globaldocs/MK/269/1_269_3_670.jpeg
2163,מאיר,ארגוב,270,https://fs.knesset.gov.il/globaldocs/MK/270/1_270_3_672.jpeg
2164,נאוה,ארד,134,https://fs.knesset.gov.il/globaldocs/MK/134/1_134_3_360.jpeg
2165,בנימין,ארדיטי,271,https://fs.knesset.gov.il/globaldocs/MK/271/1_271_3_674.jpeg
2166,ראובן,ארזי,272,https://fs.knesset.gov.il/globaldocs/MK/272/1_272_3_676.jpeg
2167,חיים,אריאב,273,https://fs.knesset.gov.il/globaldocs/MK/273/1_273_3_678.jpeg
2168,יורם,ארידור,274,https://fs.knesset.gov.il/globaldocs/MK/274/1_274_3_680.jpeg
2169,שמחה,ארליך,275,https://fs.knesset.gov.il/globaldocs/MK/275/1_275_3_682.jpeg
2170,משה,ארם,276,https://fs.knesset.gov.il/globaldocs/MK/276/1_276_3_684.jpeg
2171,זלמן,ארן,277,https://fs.knesset.gov.il/globaldocs/MK/277/1_277_3_686.jpeg
2172,יצחק,ארצי,279,https://fs.knesset.gov.il/globaldocs/MK/279/1_279_3_690.jpeg
2173,לוי,אשכול,683,https://fs.knesset.gov.il/globaldocs/MK/683/1_683_3_1492.jpeg
2174,תמר,אשל,280,https://fs.knesset.gov.il/globaldocs/MK/280/1_280_3_692.jpeg
2175,יוסף,בא-גד,135,https://fs.knesset.gov.il/globaldocs/MK/135/1_135_3_362.jpeg
2176,ידידיה,בארי,281,https://fs.knesset.gov.il/globaldocs/MK/281/1_281_3_694.jpeg
2177,שמחה,בבה,282,https://fs.knesset.gov.il/globaldocs/MK/282/1_282_3_696.jpeg
2178,זאב בנימין,בגין,14,https://fs.knesset.gov.il/globaldocs/MK/14/1_14_3_43.jpeg
2179,מנחם,בגין,692,https://fs.knesset.gov.il/globaldocs/MK/692/1_692_3_1506.jpeg
2180,אליקים-גוסטב,בדיאן,283,https://fs.knesset.gov.il/globaldocs/MK/283/1_283_3_698.jpeg
2181,יוחנן,בדר,284,https://fs.knesset.gov.il/globaldocs/MK/284/1_284_3_700.jpeg
2182,מנחם,בדר,285,https://fs.knesset.gov.il/globaldocs/MK/285/1_285_3_702.jpeg
2183,פיני,בדש,15,https://fs.knesset.gov.il/globaldocs/MK/15/1_15_3_48.jpeg
2184,אריה,בהיר,286,https://fs.knesset.gov.il/globaldocs/MK/286/1_286_3_704.jpeg
2185,חיים,בוגר,287,https://fs.knesset.gov.il/globaldocs/MK/287/1_287_3_706.jpeg
2186,שלמה,בוחבוט,136,https://fs.knesset.gov.il/globaldocs/MK/136/1_136_3_364.jpeg
2187,יוסף,בורג,288,https://fs.knesset.gov.il/globaldocs/MK/288/1_288_3_708.jpeg
2188,שמעון,בז'רנו,289,https://fs.knesset.gov.il/globaldocs/MK/289/1_289_3_710.jpeg
2189,מרדכי,ביבי,290,https://fs.knesset.gov.il/globaldocs/MK/290/1_290_3_712.jpeg
2190,אברהם,ביטון,291,https://fs.knesset.gov.il/globaldocs/MK/291/1_291_3_714.jpeg
2191,צ'רלי,ביטון,292,https://fs.knesset.gov.il/globaldocs/MK/292/1_292_3_716.jpeg
2192,יוסי,ביילין,18,https://fs.knesset.gov.il/globaldocs/MK/18/1_18_3_54.jpeg
2193,נפתלי,בלומנטל,293,https://fs.knesset.gov.il/globaldocs/MK/293/1_293_3_718.jpeg
2194,יצחק,בן-אהרן,294,https://fs.knesset.gov.il/globaldocs/MK/294/1_294_3_720.jpeg
2195,אריה,בן-אליעזר,295,https://fs.knesset.gov.il/globaldocs/MK/295/1_295_3_722.jpeg
2196,אליהו,בן-אלישר,21,https://fs.knesset.gov.il/globaldocs/MK/21/1_21_3_62.jpeg
2197,חיים,בן-אשר,296,https://fs.knesset.gov.il/globaldocs/MK/296/1_296_3_724.jpeg
2198,דוד,בן-גוריון,684,https://fs.knesset.gov.il/globaldocs/MK/684/1_684_3_1494.jpeg
2199,זלמן,בן-יעקב,297,https://fs.knesset.gov.il/globaldocs/MK/297/1_297_3_726.jpeg
2200,גדעון,בן-ישראל,298,https://fs.knesset.gov.il/globaldocs/MK/298/1_298_3_728.jpeg
2201,דב,בן-מאיר,299,https://fs.knesset.gov.il/globaldocs/MK/299/1_299_3_730.jpeg
2202,יהודה,בן-מאיר,300,https://fs.knesset.gov.il/globaldocs/MK/300/1_300_3_732.jpeg
2203,שלמה-ישראל,בן-מאיר,301,https://fs.knesset.gov.il/globaldocs/MK/301/1_301_3_734.jpeg
2204,משה,בן-עמי,302,https://fs.knesset.gov.il/globaldocs/MK/302/1_302_3_736.jpeg
2206,מרדכי,בן-פורת,303,https://fs.knesset.gov.il/globaldocs/MK/303/1_303_3_738.jpeg
2207,יצחק,בן-צבי,680,https://fs.knesset.gov.il/globaldocs/MK/680/1_680_3_1486.jpeg
2208,שמריהו,בן-צור,24,https://fs.knesset.gov.il/globaldocs/MK/24/1_24_3_68.jpeg
2209,שמעון,בן-שלמה,304,https://fs.knesset.gov.il/globaldocs/MK/304/1_304_3_740.jpeg
2210,מרדכי,בנטוב,305,https://fs.knesset.gov.il/globaldocs/MK/305/1_305_3_742.jpeg
2211,רוסתם,בסטוני,306,https://fs.knesset.gov.il/globaldocs/MK/306/1_306_3_744.jpeg
2212,אהרן,בקר,307,https://fs.knesset.gov.il/globaldocs/MK/307/1_307_3_746.jpeg
2213,מרדכי,בר-און,308,https://fs.knesset.gov.il/globaldocs/MK/308/1_308_3_748.jpeg
2214,מיכאל,בר-זהר,309,https://fs.knesset.gov.il/globaldocs/MK/309/1_309_3_750.jpeg
2215,ישראל,בר-יהודה,310,https://fs.knesset.gov.il/globaldocs/MK/310/1_310_3_752.jpeg
2216,חיים,בר-לב,311,https://fs.knesset.gov.il/globaldocs/MK/311/1_311_3_754.jpeg
2217,דב,בר-ניר,312,
2218,דוד,בר-רב-האי,313,https://fs.knesset.gov.il/globaldocs/MK/313/1_313_3_758.jpeg
2219,הרצל,ברגר,314,https://fs.knesset.gov.il/globaldocs/MK/314/1_314_3_760.jpeg
2220,ישראל,ברזילי,315,https://fs.knesset.gov.il/globaldocs/MK/315/1_315_3_762.jpeg
2221,אברהם,ברמן,316,https://fs.knesset.gov.il/globaldocs/MK/316/1_316_3_764.jpeg
2222,יצחק,ברמן,317,https://fs.knesset.gov.il/globaldocs/MK/317/1_317_3_766.jpeg
2223,פרץ,ברנשטיין,318,https://fs.knesset.gov.il/globaldocs/MK/318/1_318_3_768.jpeg
2224,משה,ברעם,319,https://fs.knesset.gov.il/globaldocs/MK/319/1_319_3_770.jpeg
2225,יוסף,ברץ,320,https://fs.knesset.gov.il/globaldocs/MK/320/1_320_3_772.jpeg
2226,אהוד,ברק,28,https://fs.knesset.gov.il/globaldocs/MK/28/1_28_3_77.jpeg
2227,ראובן,ברקת,321,https://fs.knesset.gov.il/globaldocs/MK/321/1_321_3_774.jpeg
2228,רפאל,בש,322,https://fs.knesset.gov.il/globaldocs/MK/322/1_322_3_776.jpeg
2229,חוסניה,ג'בארה,199,https://fs.knesset.gov.il/globaldocs/MK/199/1_199_3_487.jpeg
2230,חליל-סלים,ג'בארה,323,https://fs.knesset.gov.il/globaldocs/MK/323/1_323_3_778.jpeg
2231,אמין,ג'רג'ורה,345,https://fs.knesset.gov.il/globaldocs/MK/345/1_345_3_822.jpeg
2232,אליהו,גבאי,30,https://fs.knesset.gov.il/globaldocs/MK/30/1_30_3_81.jpeg
2233,חיים,גבתי,324,https://fs.knesset.gov.il/globaldocs/MK/324/1_324_3_780.jpeg
2234,גדעון,גדות,325,https://fs.knesset.gov.il/globaldocs/MK/325/1_325_3_782.jpeg
2235,עקיבא,גוברין,326,https://fs.knesset.gov.il/globaldocs/MK/326/1_326_3_784.jpeg
2236,שאול,גוטמן,138,https://fs.knesset.gov.il/globaldocs/MK/138/1_138_3_368.jpeg
2237,יוסף,גולדברג,327,https://fs.knesset.gov.il/globaldocs/MK/327/1_327_3_786.jpeg
2238,מיכה,גולדמן,32,https://fs.knesset.gov.il/globaldocs/MK/32/1_32_3_85.jpeg
2239,אלכס,גולדפרב,139,https://fs.knesset.gov.il/globaldocs/MK/139/1_139_3_370.jpeg
2240,אברהם,גולדרט,328,https://fs.knesset.gov.il/globaldocs/MK/328/1_328_3_788.jpeg
2241,אהרן,גולדשטיין,329,https://fs.knesset.gov.il/globaldocs/MK/329/1_329_3_790.jpeg
2242,פנחס,גולדשטיין,330,https://fs.knesset.gov.il/globaldocs/MK/330/1_330_3_792.jpeg
2243,יוסף,גולדשמידט,331,https://fs.knesset.gov.il/globaldocs/MK/331/1_331_3_794.jpeg
2244,דוד,גולומב,332,https://fs.knesset.gov.il/globaldocs/MK/332/1_332_3_796.jpeg
2245,יצחק,גולן,333,https://fs.knesset.gov.il/globaldocs/MK/333/1_333_3_798.jpeg
2246,אפרים,גור,141,https://fs.knesset.gov.il/globaldocs/MK/141/1_141_3_374.jpeg
2247,מרדכי,גור,140,https://fs.knesset.gov.il/globaldocs/MK/140/1_140_3_372.jpeg
2248,ישראל,גורי,334,https://fs.knesset.gov.il/globaldocs/MK/334/1_334_3_800.jpeg
2249,שרגא,גורן,335,https://fs.knesset.gov.il/globaldocs/MK/335/1_335_3_802.jpeg
2250,מטילדה,גז,336,https://fs.knesset.gov.il/globaldocs/MK/336/1_336_3_804.jpeg
2251,אברהם,גיבלבר,337,https://fs.knesset.gov.il/globaldocs/MK/337/1_337_3_806.jpeg
2252,יעקב,גיל (גילה),338,https://fs.knesset.gov.il/globaldocs/MK/338/1_338_3_808.jpeg
2253,יעקב,גיל (ליפשיץ),339,https://fs.knesset.gov.il/globaldocs/MK/339/1_339_3_810.jpeg
2254,גדליה,גל,142,https://fs.knesset.gov.il/globaldocs/MK/142/1_142_3_376.jpeg
2255,זכריה,גלוסקא,340,https://fs.knesset.gov.il/globaldocs/MK/340/1_340_3_812.jpeg
2256,מרים,גלזר-תעסה,341,https://fs.knesset.gov.il/globaldocs/MK/341/1_341_3_814.jpeg
2257,ישראל,גלילי,342,https://fs.knesset.gov.il/globaldocs/MK/342/1_342_3_816.jpeg
2258,דוד,גלס,343,https://fs.knesset.gov.il/globaldocs/MK/343/1_343_3_818.jpeg
2259,אליהו-משה,גנחובסקי,344,https://fs.knesset.gov.il/globaldocs/MK/344/1_344_3_820.jpeg
2260,שלמה-יעקב,גרוס,346,https://fs.knesset.gov.il/globaldocs/MK/346/1_346_3_824.jpeg
2261,חייקה,גרוסמן,347,https://fs.knesset.gov.il/globaldocs/MK/347/1_347_3_826.jpeg
2262,פסח,גרופר,348,https://fs.knesset.gov.il/globaldocs/MK/348/1_348_3_828.jpeg
2263,שמעון,גרידי,349,https://fs.knesset.gov.il/globaldocs/MK/349/1_349_3_830.jpeg
2264,אהרן-יעקב,גרינברג,350,https://fs.knesset.gov.il/globaldocs/MK/350/1_350_3_832.jpeg
2265,אורי-צבי,גרינברג,351,https://fs.knesset.gov.il/globaldocs/MK/351/1_351_3_834.jpeg
2266,אברהם,גרנות,352,https://fs.knesset.gov.il/globaldocs/MK/352/1_352_3_836.jpeg
2267,אלעזר,גרנות,353,https://fs.knesset.gov.il/globaldocs/MK/353/1_353_3_838.jpeg
2268,צבי,גרשוני,354,https://fs.knesset.gov.il/globaldocs/MK/354/1_354_3_840.jpeg
2269,עמוס,דגני,355,https://fs.knesset.gov.il/globaldocs/MK/355/1_355_3_842.jpeg
2270,יחיאל,דובדבני,356,https://fs.knesset.gov.il/globaldocs/MK/356/1_356_3_844.jpeg
2271,אברהם,דויטש,357,https://fs.knesset.gov.il/globaldocs/MK/357/1_357_3_846.jpeg
2272,שבתאי,דון-יחיא,358,https://fs.knesset.gov.il/globaldocs/MK/358/1_358_3_848.jpeg
2273,שרה,דורון,359,https://fs.knesset.gov.il/globaldocs/MK/359/1_359_3_850.jpeg
2274,יוסף,דיאב,360,https://fs.knesset.gov.il/globaldocs/MK/360/1_360_3_852.jpeg
2275,אלי,דיין,143,https://fs.knesset.gov.il/globaldocs/MK/143/1_143_3_378.jpeg
2276,חיים,דיין,38,https://fs.knesset.gov.il/globaldocs/MK/38/1_38_3_102.jpeg
2277,משה,דיין,688,https://fs.knesset.gov.il/globaldocs/MK/688/1_688_3_1502.jpeg
2278,שלמה,דיין,361,https://fs.knesset.gov.il/globaldocs/MK/361/1_361_3_854.jpeg
2279,שמואל,דיין,362,https://fs.knesset.gov.il/globaldocs/MK/362/1_362_3_856.jpeg
2280,בן-ציון,דינור,363,https://fs.knesset.gov.il/globaldocs/MK/363/1_363_3_858.jpeg
2281,שמחה,דיניץ,364,https://fs.knesset.gov.il/globaldocs/MK/364/1_364_3_860.jpeg
2282,צבי,דינשטיין,365,https://fs.knesset.gov.il/globaldocs/MK/365/1_365_3_862.jpeg
2283,ליאון,דיציאן,366,https://fs.knesset.gov.il/globaldocs/MK/366/1_366_3_864.jpeg
2284,דוד,דנינו,367,https://fs.knesset.gov.il/globaldocs/MK/367/1_367_3_866.jpeg
2285,מיכאל,דקל,368,https://fs.knesset.gov.il/globaldocs/MK/368/1_368_3_868.jpeg
2286,עבד-אלוהב,דראושה,40,https://fs.knesset.gov.il/globaldocs/MK/40/1_40_3_106.jpeg
2287,מתתיהו,דרובלס,369,https://fs.knesset.gov.il/globaldocs/MK/369/1_369_3_870.jpeg
2288,אברהם,דרורי,370,https://fs.knesset.gov.il/globaldocs/MK/370/1_370_3_872.jpeg
2289,חסיה,דרורי,371,https://fs.knesset.gov.il/globaldocs/MK/371/1_371_3_874.jpeg
2290,יהודה (יודין),דרניצקי,372,https://fs.knesset.gov.il/globaldocs/MK/372/1_372_3_876.jpeg
2291,אריה מכלוף,דרעי,41,https://fs.knesset.gov.il/globaldocs/MK/41/1_41_3_110.jpeg
2292,גדעון,האוזנר,373,https://fs.knesset.gov.il/globaldocs/MK/373/1_373_3_878.jpeg
2293,עמוס,הדר,374,https://fs.knesset.gov.il/globaldocs/MK/374/1_374_3_880.jpeg
2294,יגאל,הורביץ,375,https://fs.knesset.gov.il/globaldocs/MK/375/1_375_3_882.jpeg
2295,דוד,הכהן,376,https://fs.knesset.gov.il/globaldocs/MK/376/1_376_3_884.jpeg
2296,מנחם,הכהן,377,https://fs.knesset.gov.il/globaldocs/MK/377/1_377_3_886.jpeg
2297,אליהו,הכרמלי,378,https://fs.knesset.gov.il/globaldocs/MK/378/1_378_3_888.jpeg
2298,בנימין,הלוי,379,https://fs.knesset.gov.il/globaldocs/MK/379/1_379_3_890.jpeg
2299,שלמה,הלל,380,https://fs.knesset.gov.il/globaldocs/MK/380/1_380_3_892.jpeg
2300,זבולון,המר,44,https://fs.knesset.gov.il/globaldocs/MK/44/1_44_3_117.jpeg
2301,יחזקאל,הן,381,https://fs.knesset.gov.il/globaldocs/MK/381/1_381_3_894.jpeg
2302,אליקים,העצני,382,https://fs.knesset.gov.il/globaldocs/MK/382/1_382_3_896.jpeg
2303,רות,הקטין,383,https://fs.knesset.gov.il/globaldocs/MK/383/1_383_3_898.jpeg
2304,אהרן,הראל,384,https://fs.knesset.gov.il/globaldocs/MK/384/1_384_3_900.jpeg
2305,איסר,הראל,385,https://fs.knesset.gov.il/globaldocs/MK/385/1_385_3_902.jpeg
2306,בן-ציון,הראל,386,https://fs.knesset.gov.il/globaldocs/MK/386/1_386_3_904.jpeg
2307,יהודה,הראל,47,https://fs.knesset.gov.il/globaldocs/MK/47/1_47_3_128.jpeg
2308,זאב,הרינג,387,https://fs.knesset.gov.il/globaldocs/MK/387/1_387_3_906.jpeg
2309,אסתר,הרליץ,388,https://fs.knesset.gov.il/globaldocs/MK/388/1_388_3_908.jpeg
2310,זינה,הרמן,389,https://fs.knesset.gov.il/globaldocs/MK/389/1_389_3_910.jpeg
2311,נטע,הרפז,390,https://fs.knesset.gov.il/globaldocs/MK/390/1_390_3_912.jpeg
2312,חיים,הרצוג,391,https://fs.knesset.gov.il/globaldocs/MK/391/1_391_3_914.jpeg
2313,אברהם,הרצפלד,392,https://fs.knesset.gov.il/globaldocs/MK/392/1_392_3_916.jpeg
2314,יזהר,הררי,393,https://fs.knesset.gov.il/globaldocs/MK/393/1_393_3_918.jpeg
2315,צבי,ויינברג,48,https://fs.knesset.gov.il/globaldocs/MK/48/1_48_3_130.jpeg
2316,אריאל,ויינשטיין,144,https://fs.knesset.gov.il/globaldocs/MK/144/1_144_3_380.jpeg
2317,שבח,וייס,49,https://fs.knesset.gov.il/globaldocs/MK/49/1_49_3_132.jpeg
2318,אסתר,וילנסקה,394,https://fs.knesset.gov.il/globaldocs/MK/394/1_394_3_920.jpeg
2319,מאיר,וילנר,395,https://fs.knesset.gov.il/globaldocs/MK/395/1_395_3_922.jpeg
2320,עזר,ויצמן,690,https://fs.knesset.gov.il/globaldocs/MK/690/1_690_3_1504.jpeg
2321,מרדכי,וירשובסקי,396,https://fs.knesset.gov.il/globaldocs/MK/396/1_396_3_924.jpeg
2322,אליעזר,ולדמן,397,https://fs.knesset.gov.il/globaldocs/MK/397/1_397_3_926.jpeg
2323,יוסף,ונונו,145,https://fs.knesset.gov.il/globaldocs/MK/145/1_145_3_382.jpeg
2324,אברהם,ורדיגר,146,https://fs.knesset.gov.il/globaldocs/MK/146/1_146_3_384.jpeg
2326,זאב,ורטהיימר,399,https://fs.knesset.gov.il/globaldocs/MK/399/1_399_3_930.jpeg
2327,משה,ורטמן,400,https://fs.knesset.gov.il/globaldocs/MK/400/1_400_3_932.jpeg
2328,מחמד,ותד,401,https://fs.knesset.gov.il/globaldocs/MK/401/1_401_3_934.jpeg
2329,ערי,ז'בוטינסקי,402,https://fs.knesset.gov.il/globaldocs/MK/402/1_402_3_936.jpeg
2330,פריג'א,זוארץ,403,https://fs.knesset.gov.il/globaldocs/MK/403/1_403_3_938.jpeg
2331,נסים,זוילי,52,https://fs.knesset.gov.il/globaldocs/MK/52/1_52_3_143.jpeg
2332,עבדול-עזיז,זועבי,404,https://fs.knesset.gov.il/globaldocs/MK/404/1_404_3_940.jpeg
2333,מאיר,זורע,405,https://fs.knesset.gov.il/globaldocs/MK/405/1_405_3_942.jpeg
2334,תופיק,זיאד,147,https://fs.knesset.gov.il/globaldocs/MK/147/1_147_3_386.jpeg
2335,יצחק,זיגר,406,https://fs.knesset.gov.il/globaldocs/MK/406/1_406_3_944.jpeg
2336,דרור,זייגרמן,407,https://fs.knesset.gov.il/globaldocs/MK/407/1_407_3_946.jpeg
2337,הלל,זיידל,408,https://fs.knesset.gov.il/globaldocs/MK/408/1_408_3_948.jpeg
2338,אברהם,זילברברג,409,https://fs.knesset.gov.il/globaldocs/MK/409/1_409_3_950.jpeg
2339,עמנואל,זיסמן,53,https://fs.knesset.gov.il/globaldocs/MK/53/1_53_3_145.jpeg
2340,שלום,זיסמן,410,https://fs.knesset.gov.il/globaldocs/MK/410/1_410_3_952.jpeg
2341,יחזקאל,זכאי,411,https://fs.knesset.gov.il/globaldocs/MK/411/1_411_3_954.jpeg
2342,דב,זכין,412,https://fs.knesset.gov.il/globaldocs/MK/412/1_412_3_956.jpeg
2343,מרדכי,זר,413,https://fs.knesset.gov.il/globaldocs/MK/413/1_413_3_958.jpeg
2344,אמיל,חביבי,414,https://fs.knesset.gov.il/globaldocs/MK/414/1_414_3_960.jpeg
2345,רפיק,חג' יחיא,55,https://fs.knesset.gov.il/globaldocs/MK/55/1_55_3_149.jpeg
2346,חנא,חדאד,148,https://fs.knesset.gov.il/globaldocs/MK/148/1_148_3_388.jpeg
2347,אבא,חושי,415,https://fs.knesset.gov.il/globaldocs/MK/415/1_415_3_962.jpeg
2348,יעקב,חזן,416,https://fs.knesset.gov.il/globaldocs/MK/416/1_416_3_964.jpeg
2349,מיכאל,חזני,417,https://fs.knesset.gov.il/globaldocs/MK/417/1_417_3_966.jpeg
2350,חמד,חלאילה,418,https://fs.knesset.gov.il/globaldocs/MK/418/1_418_3_968.jpeg
2351,בן-ציון,חלפון,419,https://fs.knesset.gov.il/globaldocs/MK/419/1_419_3_970.jpeg
2352,פארס,חמדאן,420,https://fs.knesset.gov.il/globaldocs/MK/420/1_420_3_972.jpeg
2353,יוסף,חמיס,421,https://fs.knesset.gov.il/globaldocs/MK/421/1_421_3_974.jpeg
2354,סאלח,חניפס,422,https://fs.knesset.gov.il/globaldocs/MK/422/1_422_3_976.jpeg
2355,אשר,חסין,423,https://fs.knesset.gov.il/globaldocs/MK/423/1_423_3_978.jpeg
2356,משה,חריף,424,https://fs.knesset.gov.il/globaldocs/MK/424/1_424_3_980.jpeg
2357,מיכאל,חריש,149,https://fs.knesset.gov.il/globaldocs/MK/149/1_149_3_390.jpeg
2358,יהודה,חשאי,425,https://fs.knesset.gov.il/globaldocs/MK/425/1_425_3_982.jpeg
2359,נחום,חת,426,https://fs.knesset.gov.il/globaldocs/MK/426/1_426_3_984.jpeg
2360,אברהם,טביב,427,https://fs.knesset.gov.il/globaldocs/MK/427/1_427_3_986.jpeg
2361,יצחק,טבנקין,428,https://fs.knesset.gov.il/globaldocs/MK/428/1_428_3_988.jpeg
2362,ז'ניה,טברסקי,429,https://fs.knesset.gov.il/globaldocs/MK/429/1_429_3_990.jpeg
2363,תופיק,טובי,430,https://fs.knesset.gov.il/globaldocs/MK/430/1_430_3_992.jpeg
2364,שמואל,טולידאנו,431,https://fs.knesset.gov.il/globaldocs/MK/431/1_431_3_994.jpeg
2365,אברהם,טיאר,432,https://fs.knesset.gov.il/globaldocs/MK/432/1_432_3_996.jpeg
2366,בנימין,טמקין,150,https://fs.knesset.gov.il/globaldocs/MK/150/1_150_3_392.jpeg
2367,אסף,יגורי,182,https://fs.knesset.gov.il/globaldocs/MK/182/1_182_3_454.jpeg
2368,מנחם,ידיד,183,https://fs.knesset.gov.il/globaldocs/MK/183/1_183_3_456.jpeg
2369,יגאל,ידין,184,https://fs.knesset.gov.il/globaldocs/MK/184/1_184_3_2702.jpeg
2370,אהרן,ידלין,181,https://fs.knesset.gov.il/globaldocs/MK/181/1_181_3_452.jpeg
2371,יונה,יהב,60,https://fs.knesset.gov.il/globaldocs/MK/60/1_60_3_159.jpeg
2372,חיים,יהודה,185,https://fs.knesset.gov.il/globaldocs/MK/185/1_185_3_458.jpeg
2373,צבי,יהודה,186,https://fs.knesset.gov.il/globaldocs/MK/186/1_186_3_460.jpeg
2374,שמשון,יוניצ'מן,187,https://fs.knesset.gov.il/globaldocs/MK/187/1_187_3_462.jpeg
2375,דב,יוסף,188,https://fs.knesset.gov.il/globaldocs/MK/188/1_188_3_464.jpeg
2376,יעקב,יוסף,189,https://fs.knesset.gov.il/globaldocs/MK/189/1_189_3_466.jpeg
2377,גיורא,יוספטל,190,https://fs.knesset.gov.il/globaldocs/MK/190/1_190_3_468.jpeg
2378,סנטה,יוספטל,191,https://fs.knesset.gov.il/globaldocs/MK/191/1_191_3_470.jpeg
2379,נתן,ילין-מור,192,https://fs.knesset.gov.il/globaldocs/MK/192/1_192_3_472.jpeg
2380,גד,יעקבי,193,https://fs.knesset.gov.il/globaldocs/MK/193/1_193_3_474.jpeg
2381,מאיר,יערי,433,https://fs.knesset.gov.il/globaldocs/MK/433/1_433_3_998.jpeg
2382,אביעד,יפה,434,https://fs.knesset.gov.il/globaldocs/MK/434/1_434_3_1000.jpeg
2383,אברהם,יפה,435,https://fs.knesset.gov.il/globaldocs/MK/435/1_435_3_1002.jpeg
2384,יהונתן,יפרח,436,https://fs.knesset.gov.il/globaldocs/MK/436/1_436_3_1004.jpeg
2385,יצחק,יצחקי,438,https://fs.knesset.gov.il/globaldocs/MK/438/1_438_3_1008.jpeg
2386,יצחק,יצחקי,437,https://fs.knesset.gov.il/globaldocs/MK/437/1_437_3_1006.jpeg
2387,גדי,יציב,439,https://fs.knesset.gov.il/globaldocs/MK/439/1_439_3_1010.jpeg
2388,אהרן,יריב,440,https://fs.knesset.gov.il/globaldocs/MK/440/1_440_3_1012.jpeg
2389,ישראל,ישעיהו-שרעבי,441,https://fs.knesset.gov.il/globaldocs/MK/441/1_441_3_1014.jpeg
2390,אידוב,כהן,442,https://fs.knesset.gov.il/globaldocs/MK/442/1_442_3_1016.jpeg
2391,בנו,כהן,443,https://fs.knesset.gov.il/globaldocs/MK/443/1_443_3_1018.jpeg
2392,גאולה,כהן,444,https://fs.knesset.gov.il/globaldocs/MK/444/1_444_3_1020.jpeg
2393,גבריאל,כהן,445,https://fs.knesset.gov.il/globaldocs/MK/445/1_445_3_1022.jpeg
2394,יגאל,כהן,446,https://fs.knesset.gov.il/globaldocs/MK/446/1_446_3_1024.jpeg
2395,יוחנן,כהן,447,https://fs.knesset.gov.il/globaldocs/MK/447/1_447_3_1026.jpeg
2396,מנחם,כהן,448,https://fs.knesset.gov.il/globaldocs/MK/448/1_448_3_1028.jpeg
2397,שלום,כהן,449,https://fs.knesset.gov.il/globaldocs/MK/449/1_449_3_1030.jpeg
2398,מאיר,כהן-אבידב,450,https://fs.knesset.gov.il/globaldocs/MK/450/1_450_3_1032.jpeg
2399,יגאל,כהן-אורגד,451,https://fs.knesset.gov.il/globaldocs/MK/451/1_451_3_1034.jpeg
2400,רחל,כהן-כגן,452,https://fs.knesset.gov.il/globaldocs/MK/452/1_452_3_1036.jpeg
2401,חיים,כהן-מגורי,453,https://fs.knesset.gov.il/globaldocs/MK/453/1_453_3_1038.jpeg
2402,שלמה,כהן-צידון,454,
2403,מאיר,כהנא,455,https://fs.knesset.gov.il/globaldocs/MK/455/1_455_3_1042.jpeg
2404,קלמן,כהנא,456,https://fs.knesset.gov.il/globaldocs/MK/456/1_456_3_1044.jpeg
2405,אברהם,כלפון,457,https://fs.knesset.gov.il/globaldocs/MK/457/1_457_3_1046.jpeg
2406,שמעון,כנוביץ,458,https://fs.knesset.gov.il/globaldocs/MK/458/1_458_3_1048.jpeg
2407,יונה,כסה,459,https://fs.knesset.gov.il/globaldocs/MK/459/1_459_3_1050.jpeg
2408,שרה,כפרית,460,https://fs.knesset.gov.il/globaldocs/MK/460/1_460_3_1052.jpeg
2409,אברהם,כץ,461,https://fs.knesset.gov.il/globaldocs/MK/461/1_461_3_1054.jpeg
2410,זאב,כץ,462,https://fs.knesset.gov.il/globaldocs/MK/462/1_462_3_1056.jpeg
2411,יעקב,כץ,840,https://fs.knesset.gov.il/globaldocs/MK/840/1_840_3_1989.jpeg
2412,שמואל,כץ,464,https://fs.knesset.gov.il/globaldocs/MK/464/1_464_3_1060.jpeg
2413,אברהם,כץ-עוז,465,https://fs.knesset.gov.il/globaldocs/MK/465/1_465_3_1062.jpeg
2414,בת-שבע,כצנלסון,466,https://fs.knesset.gov.il/globaldocs/MK/466/1_466_3_1064.jpeg
2415,משה,כרמל,467,https://fs.knesset.gov.il/globaldocs/MK/467/1_467_3_1066.jpeg
2416,פנחס,לבון,468,https://fs.knesset.gov.il/globaldocs/MK/468/1_468_3_1068.jpeg
2417,שלמה,לביא,469,https://fs.knesset.gov.il/globaldocs/MK/469/1_469_3_1070.jpeg
2418,אברהם,לבנבראון,470,https://fs.knesset.gov.il/globaldocs/MK/470/1_470_3_1072.jpeg
2419,איתן,לבני,471,https://fs.knesset.gov.il/globaldocs/MK/471/1_471_3_1074.jpeg
2420,אלכסנדר,לובוצקי,71,https://fs.knesset.gov.il/globaldocs/MK/71/1_71_3_200.jpeg
2421,מאשה,לובלסקי,152,https://fs.knesset.gov.il/globaldocs/MK/152/1_152_3_394.jpeg
2422,מאיר-דוד,לוונשטיין,472,https://fs.knesset.gov.il/globaldocs/MK/472/1_472_3_1076.jpeg
2423,קדיש,לוז,473,https://fs.knesset.gov.il/globaldocs/MK/473/1_473_3_1078.jpeg
2424,דניאל יצחק,לוי,474,https://fs.knesset.gov.il/globaldocs/MK/474/1_474_3_1080.jpeg
2425,יאיר,לוי,475,https://fs.knesset.gov.il/globaldocs/MK/475/1_475_3_1082.jpeg
2426,סטלה,לוי,476,https://fs.knesset.gov.il/globaldocs/MK/476/1_476_3_1084.jpeg
2427,יצחק-מאיר,לוין,477,https://fs.knesset.gov.il/globaldocs/MK/477/1_477_3_1086.jpeg
2428,נחום,לוין,478,https://fs.knesset.gov.il/globaldocs/MK/478/1_478_3_1088.jpeg
2429,שלום,לוין,479,https://fs.knesset.gov.il/globaldocs/MK/479/1_479_3_1090.jpeg
2430,ברל,לוקר,480,https://fs.knesset.gov.il/globaldocs/MK/480/1_480_3_1092.jpeg
2431,שלמה,לורינץ,481,https://fs.knesset.gov.il/globaldocs/MK/481/1_481_3_1094.jpeg
2432,דוד,ליבאי,75,https://fs.knesset.gov.il/globaldocs/MK/75/1_75_3_208.jpeg
2433,אליעזר,ליבנה,482,https://fs.knesset.gov.il/globaldocs/MK/482/1_482_3_1096.jpeg
2434,דוד,ליבשיץ,483,https://fs.knesset.gov.il/globaldocs/MK/483/1_483_3_1098.jpeg
2435,אברהם יוסף,לייזרזון,76,https://fs.knesset.gov.il/globaldocs/MK/76/1_76_3_210.jpeg
2436,אוריאל,לין,484,https://fs.knesset.gov.il/globaldocs/MK/484/1_484_3_1100.jpeg
2437,אמנון,לין,485,https://fs.knesset.gov.il/globaldocs/MK/485/1_485_3_1102.jpeg
2438,ציטה,לינקר,486,https://fs.knesset.gov.il/globaldocs/MK/486/1_486_3_1104.jpeg
2439,אמנון,ליפקין-שחק,215,https://fs.knesset.gov.il/globaldocs/MK/215/1_215_3_551.jpeg
2440,יוסף,לם,487,https://fs.knesset.gov.il/globaldocs/MK/487/1_487_3_1106.jpeg
2441,חנה,למדן,488,https://fs.knesset.gov.il/globaldocs/MK/488/1_488_3_1108.jpeg
2442,חיים,לנדאו,489,https://fs.knesset.gov.il/globaldocs/MK/489/1_489_3_1110.jpeg
2443,אליהו,לנקין,490,https://fs.knesset.gov.il/globaldocs/MK/490/1_490_3_1112.jpeg
2444,יהודה,לנקרי,79,https://fs.knesset.gov.il/globaldocs/MK/79/1_79_3_223.jpeg
2445,יורם,לס,153,https://fs.knesset.gov.il/globaldocs/MK/153/1_153_3_396.jpeg
2446,יחיאל,לקט,492,https://fs.knesset.gov.il/globaldocs/MK/492/1_492_3_1116.jpeg
2447,משה,מאיה,154,https://fs.knesset.gov.il/globaldocs/MK/154/1_154_3_398.jpeg
2448,גולדה,מאיר,685,https://fs.knesset.gov.il/globaldocs/MK/685/1_685_3_1496.jpeg
2449,אדיסו,מאסלה,81,https://fs.knesset.gov.il/globaldocs/MK/81/1_81_3_227.jpeg
2450,בועז,מואב,494,https://fs.knesset.gov.il/globaldocs/MK/494/1_494_3_1120.jpeg
2451,יצחק,מודעי,493,https://fs.knesset.gov.il/globaldocs/MK/493/1_493_3_1118.jpeg
2452,חנא,מוויס,495,https://fs.knesset.gov.il/globaldocs/MK/495/1_495_3_1122.jpeg
2453,אליהו,מויאל,496,https://fs.knesset.gov.il/globaldocs/MK/496/1_496_3_1124.jpeg
2454,ג'בר,מועדי,497,https://fs.knesset.gov.il/globaldocs/MK/497/1_497_3_1126.jpeg
2455,דוד,מור,498,https://fs.knesset.gov.il/globaldocs/MK/498/1_498_3_1128.jpeg
2456,אליהו,מזור,500,https://fs.knesset.gov.il/globaldocs/MK/500/1_500_3_1132.jpeg
2457,אליעזר,מזרחי,499,https://fs.knesset.gov.il/globaldocs/MK/499/1_499_3_1130.jpeg
2458,יעקב,מזרחי,501,https://fs.knesset.gov.il/globaldocs/MK/501/1_501_3_1134.jpeg
2459,דב,מילמן,502,https://fs.knesset.gov.il/globaldocs/MK/502/1_502_3_1136.jpeg
2460,יהודה לייב,מימון,503,https://fs.knesset.gov.il/globaldocs/MK/503/1_503_3_1138.jpeg
2461,עדה,מימון,504,https://fs.knesset.gov.il/globaldocs/MK/504/1_504_3_1140.jpeg
2462,בנימין,מינץ,505,https://fs.knesset.gov.il/globaldocs/MK/505/1_505_3_1142.jpeg
2463,מוחמד,מיעארי,506,https://fs.knesset.gov.il/globaldocs/MK/506/1_506_3_1144.jpeg
2464,שמואל,מיקוניס,507,https://fs.knesset.gov.il/globaldocs/MK/507/1_507_3_1146.jpeg
2465,חגי,מירום,84,https://fs.knesset.gov.il/globaldocs/MK/84/1_84_3_233.jpeg
2466,אברהם,מלמד,508,https://fs.knesset.gov.il/globaldocs/MK/508/1_508_3_1148.jpeg
2467,דוד,מנע,156,https://fs.knesset.gov.il/globaldocs/MK/156/1_156_3_402.jpeg
2468,יצחק,מרדכי,87,https://fs.knesset.gov.il/globaldocs/MK/87/1_87_3_239.jpeg
2469,משה,מרון,509,https://fs.knesset.gov.il/globaldocs/MK/509/1_509_3_1150.jpeg
2470,אליהו,מרידור,510,https://fs.knesset.gov.il/globaldocs/MK/510/1_510_3_1152.jpeg
2471,יעקב,מרידור,511,https://fs.knesset.gov.il/globaldocs/MK/511/1_511_3_1154.jpeg
2472,שמואל,מרלין,512,https://fs.knesset.gov.il/globaldocs/MK/512/1_512_3_1156.jpeg
2473,סעדיה,מרציאנו,513,
2474,ירוחם,משל,514,https://fs.knesset.gov.il/globaldocs/MK/514/1_514_3_1160.jpeg
2475,יובל,נאמן,515,https://fs.knesset.gov.il/globaldocs/MK/515/1_515_3_1162.jpeg
2476,יצחק,נבון,687,https://fs.knesset.gov.il/globaldocs/MK/687/1_687_3_1500.jpeg
2477,עקיבא,נוף,516,https://fs.knesset.gov.il/globaldocs/MK/516/1_516_3_1164.jpeg
2478,מרדכי,נורוק,517,https://fs.knesset.gov.il/globaldocs/MK/517/1_517_3_1166.jpeg
2479,יעקב,נחושתן,519,https://fs.knesset.gov.il/globaldocs/MK/519/1_519_3_1168.jpeg
2480,אליאס,נחלה,520,https://fs.knesset.gov.il/globaldocs/MK/520/1_520_3_1170.jpeg
2481,אהרן,נחמיאס,521,https://fs.knesset.gov.il/globaldocs/MK/521/1_521_3_1172.jpeg
2482,רון,נחמן,157,https://fs.knesset.gov.il/globaldocs/MK/157/1_157_3_404.jpeg
2483,אריה,נחמקין,522,https://fs.knesset.gov.il/globaldocs/MK/522/1_522_3_1174.jpeg
2484,יעקב,ניצני,523,https://fs.knesset.gov.il/globaldocs/MK/523/1_523_3_1176.jpeg
2485,צביקה,ניר,694,
2486,נחום,ניר-רפאלקס,524,https://fs.knesset.gov.il/globaldocs/MK/524/1_524_3_1178.jpeg
2487,אורה,נמיר,158,https://fs.knesset.gov.il/globaldocs/MK/158/1_158_3_406.jpeg
2488,מרדכי,נמיר,525,https://fs.knesset.gov.il/globaldocs/MK/525/1_525_3_1180.jpeg
2489,משה,נסים,159,https://fs.knesset.gov.il/globaldocs/MK/159/1_159_3_408.jpeg
2490,אמל,נסראלדין,526,https://fs.knesset.gov.il/globaldocs/MK/526/1_526_3_1182.jpeg
2491,רענן,נעים,527,https://fs.knesset.gov.il/globaldocs/MK/527/1_527_3_1184.jpeg
2492,מוחמד,נפאע,528,https://fs.knesset.gov.il/globaldocs/MK/528/1_528_3_1186.jpeg
2493,פרץ,נפתלי,529,https://fs.knesset.gov.il/globaldocs/MK/529/1_529_3_1188.jpeg
2494,דבורה,נצר,530,https://fs.knesset.gov.il/globaldocs/MK/530/1_530_3_1190.jpeg
2495,צבי-משה,נריה,ERROR,#N/A
2496,אורי,סבג,532,https://fs.knesset.gov.il/globaldocs/MK/532/1_532_3_1194.jpeg
2497,מנחם,סבידור,533,https://fs.knesset.gov.il/globaldocs/MK/533/1_533_3_1196.jpeg
2498,אורי,סביר,224,https://fs.knesset.gov.il/globaldocs/MK/224/1_224_3_577.jpeg
2499,דב,סדן,534,https://fs.knesset.gov.il/globaldocs/MK/534/1_534_3_1198.jpeg
2500,זלמן,סוזאייב,535,https://fs.knesset.gov.il/globaldocs/MK/535/1_535_3_1200.jpeg
2501,רפאל,סויסה,536,https://fs.knesset.gov.il/globaldocs/MK/536/1_536_3_1202.jpeg
2502,עדנה,סולודר,537,https://fs.knesset.gov.il/globaldocs/MK/537/1_537_3_1204.jpeg
2503,מרדכי,סורקיס,538,https://fs.knesset.gov.il/globaldocs/MK/538/1_538_3_1206.jpeg
2504,אברהם,סטופ,539,https://fs.knesset.gov.il/globaldocs/MK/539/1_539_3_1208.jpeg
2505,סאלח,סלים,93,https://fs.knesset.gov.il/globaldocs/MK/93/1_93_3_263.jpeg
2506,צלאח,סלימאן,540,https://fs.knesset.gov.il/globaldocs/MK/540/1_540_3_1210.jpeg
2507,אסתר,סלמוביץ,160,https://fs.knesset.gov.il/globaldocs/MK/160/1_160_3_410.jpeg
2508,יזהר,סמילנסקי,541,https://fs.knesset.gov.il/globaldocs/MK/541/1_541_3_1212.jpeg
2509,משה,סנה,542,https://fs.knesset.gov.il/globaldocs/MK/542/1_542_3_1214.jpeg
2510,טובה,סנהדראי,543,https://fs.knesset.gov.il/globaldocs/MK/543/1_543_3_1216.jpeg
2511,אחמד,סעד,95,https://fs.knesset.gov.il/globaldocs/MK/95/1_95_3_267.jpeg
2512,יוסף,ספיר,544,https://fs.knesset.gov.il/globaldocs/MK/544/1_544_3_1218.jpeg
2513,פנחס,ספיר,545,https://fs.knesset.gov.il/globaldocs/MK/545/1_545_3_1220.jpeg
2514,משה,סרדינס,546,https://fs.knesset.gov.il/globaldocs/MK/546/1_546_3_1222.jpeg
2515,אמירה,סרטני,547,https://fs.knesset.gov.il/globaldocs/MK/547/1_547_3_1224.jpeg
2516,יוסף,סרלין,548,https://fs.knesset.gov.il/globaldocs/MK/548/1_548_3_1226.jpeg
2517,אברהם,עבאס,549,https://fs.knesset.gov.il/globaldocs/MK/549/1_549_3_1228.jpeg
2518,דיאב,עוביד,550,https://fs.knesset.gov.il/globaldocs/MK/550/1_550_3_1230.jpeg
2519,ברוך,עוזיאל,551,https://fs.knesset.gov.il/globaldocs/MK/551/1_551_3_1232.jpeg
2520,אברהם,עופר,552,https://fs.knesset.gov.il/globaldocs/MK/552/1_552_3_1234.jpeg
2521,מרדכי,עופר,553,https://fs.knesset.gov.il/globaldocs/MK/553/1_553_3_1236.jpeg
2522,יוסף,עזרן,162,https://fs.knesset.gov.il/globaldocs/MK/162/1_162_3_414.jpeg
2523,זיידאן,עטשי,554,https://fs.knesset.gov.il/globaldocs/MK/554/1_554_3_1238.jpeg
2524,עובדיה,עלי,161,https://fs.knesset.gov.il/globaldocs/MK/161/1_161_3_412.jpeg
2525,משה,עמאר,555,https://fs.knesset.gov.il/globaldocs/MK/555/1_555_3_1240.jpeg
2526,שאול,עמור,97,https://fs.knesset.gov.il/globaldocs/MK/97/1_97_3_272.jpeg
2527,מאיר,עמית,556,https://fs.knesset.gov.il/globaldocs/MK/556/1_556_3_1242.jpeg
2528,שלמה חיים,עמר,557,https://fs.knesset.gov.il/globaldocs/MK/557/1_557_3_1244.jpeg
2529,חסיין חוסיין,פארס,558,https://fs.knesset.gov.il/globaldocs/MK/558/1_558_3_1246.jpeg
2530,נפתלי,פדר,559,https://fs.knesset.gov.il/globaldocs/MK/559/1_559_3_1248.jpeg
2531,ישעיהו,פורדר,560,
2532,חנן,פורת,99,https://fs.knesset.gov.il/globaldocs/MK/99/1_99_3_276.jpeg
2533,אילנית,פייגה,250,https://fs.knesset.gov.il/globaldocs/MK/250/1_250_3_632.jpeg
2534,עדה,פיינברג-סירני,561,https://fs.knesset.gov.il/globaldocs/MK/561/1_561_3_1252.jpeg
2535,עוזי,פיינרמן,562,https://fs.knesset.gov.il/globaldocs/MK/562/1_562_3_1254.jpeg
2536,יוסף,פישר,563,https://fs.knesset.gov.il/globaldocs/MK/563/1_563_3_1256.jpeg
2537,שמואל,פלאטו-שרון,564,https://fs.knesset.gov.il/globaldocs/MK/564/1_564_3_1258.jpeg
2538,משה,פלד,101,https://fs.knesset.gov.il/globaldocs/MK/101/1_101_3_280.jpeg
2539,מתתיהו,פלד,565,https://fs.knesset.gov.il/globaldocs/MK/565/1_565_3_1260.jpeg
2540,נתן,פלד,566,https://fs.knesset.gov.il/globaldocs/MK/566/1_566_3_1262.jpeg
2541,משה-זאב,פלדמן,567,https://fs.knesset.gov.il/globaldocs/MK/567/1_567_3_1264.jpeg
2542,ראובן,פלדמן,568,https://fs.knesset.gov.il/globaldocs/MK/568/1_568_3_1266.jpeg
2543,יחזקאל,פלומין,569,https://fs.knesset.gov.il/globaldocs/MK/569/1_569_3_1268.jpeg
2544,ג'ורג',פלש,570,https://fs.knesset.gov.il/globaldocs/MK/570/1_570_3_1270.jpeg
2545,רפאל,פנחסי,102,https://fs.knesset.gov.il/globaldocs/MK/102/1_102_3_282.jpeg
2546,דוד-צבי,פנקס,571,https://fs.knesset.gov.il/globaldocs/MK/571/1_571_3_1272.jpeg
2547,מאיר,פעיל,572,https://fs.knesset.gov.il/globaldocs/MK/572/1_572_3_1274.jpeg
2548,השל,פרומקין,573,
2549,מנחם,פרוש,686,https://fs.knesset.gov.il/globaldocs/MK/686/1_686_3_1498.jpeg
2550,יהודה,פרח,574,https://fs.knesset.gov.il/globaldocs/MK/574/1_574_3_1278.jpeg
2551,אליעזר,פרי,575,https://fs.knesset.gov.il/globaldocs/MK/575/1_575_3_1280.jpeg
2552,מרשה,פרידמן,576,https://fs.knesset.gov.il/globaldocs/MK/576/1_576_3_1282.jpeg
2553,שמחה,פרידמן,577,https://fs.knesset.gov.il/globaldocs/MK/577/1_577_3_1284.jpeg
2554,שלמה,פרלשטיין,578,https://fs.knesset.gov.il/globaldocs/MK/578/1_578_3_1286.jpeg
2555,אליעזר,פרמינגר,579,https://fs.knesset.gov.il/globaldocs/MK/579/1_579_3_1288.jpeg
2556,יעקב,פרנק,580,https://fs.knesset.gov.il/globaldocs/MK/580/1_580_3_1290.jpeg
2557,שושנה,פרסיץ,581,https://fs.knesset.gov.il/globaldocs/MK/581/1_581_3_1292.jpeg
2558,יצחק,פרץ,582,https://fs.knesset.gov.il/globaldocs/MK/582/1_582_3_1294.jpeg
2559,יצחק-חיים,פרץ,163,https://fs.knesset.gov.il/globaldocs/MK/163/1_163_3_416.jpeg
2560,גדעון,פת,164,https://fs.knesset.gov.il/globaldocs/MK/164/1_164_3_418.jpeg
2561,דוד,פתל,583,https://fs.knesset.gov.il/globaldocs/MK/583/1_583_3_1296.jpeg
2562,וליד,צאדק חאג'-יחיא,106,https://fs.knesset.gov.il/globaldocs/MK/106/1_106_3_297.jpeg
2563,יאיר,צבן,165,https://fs.knesset.gov.il/globaldocs/MK/165/1_165_3_420.jpeg
2564,רחל,צברי,584,https://fs.knesset.gov.il/globaldocs/MK/584/1_584_3_1298.jpeg
2565,חיים יוסף,צדוק,585,https://fs.knesset.gov.il/globaldocs/MK/585/1_585_3_1300.jpeg
2566,דוד,צוקר,107,https://fs.knesset.gov.il/globaldocs/MK/107/1_107_3_299.jpeg
2567,זאב,צור,586,https://fs.knesset.gov.il/globaldocs/MK/586/1_586_3_1302.jpeg
2568,יעקב,צור,587,https://fs.knesset.gov.il/globaldocs/MK/587/1_587_3_1304.jpeg
2569,צבי,צור,588,https://fs.knesset.gov.il/globaldocs/MK/588/1_588_3_1306.jpeg
2570,יואש,צידון,589,https://fs.knesset.gov.il/globaldocs/MK/589/1_589_3_1308.jpeg
2571,אהרן,ציזלינג,590,https://fs.knesset.gov.il/globaldocs/MK/590/1_590_3_1310.jpeg
2572,צבי,צימרמן,591,https://fs.knesset.gov.il/globaldocs/MK/591/1_591_3_1312.jpeg
2573,מרדכי,צפורי-הנדין,592,https://fs.knesset.gov.il/globaldocs/MK/592/1_592_3_1314.jpeg
2574,אביגדור,קהלני,108,https://fs.knesset.gov.il/globaldocs/MK/108/1_108_3_301.jpeg
2575,משה,קול,593,https://fs.knesset.gov.il/globaldocs/MK/593/1_593_3_1316.jpeg
2576,אליעזר,קולס,594,https://fs.knesset.gov.il/globaldocs/MK/594/1_594_3_1318.jpeg
2577,חיים,קופמן,166,https://fs.knesset.gov.il/globaldocs/MK/166/1_166_3_422.jpeg
2578,הלל,קוק,595,https://fs.knesset.gov.il/globaldocs/MK/595/1_595_3_1320.jpeg
2579,דוד,קורן,763,https://fs.knesset.gov.il/globaldocs/MK/763/1_763_3_1709.jpeg
2580,יצחק,קורן,597,https://fs.knesset.gov.il/globaldocs/MK/597/1_597_3_1324.jpeg
2581,חיים,קורפו,598,https://fs.knesset.gov.il/globaldocs/MK/598/1_598_3_1326.jpeg
2582,יוסף,קושניר,599,https://fs.knesset.gov.il/globaldocs/MK/599/1_599_3_1328.jpeg
2583,ישראל,קיסר,167,https://fs.knesset.gov.il/globaldocs/MK/167/1_167_3_424.jpeg
2584,יעקב,קליבנוב,600,https://fs.knesset.gov.il/globaldocs/MK/600/1_600_3_1330.jpeg
2585,יצחק-הנס,קלינגהופר,601,https://fs.knesset.gov.il/globaldocs/MK/601/1_601_3_1332.jpeg
2586,משה,קלמר,602,https://fs.knesset.gov.il/globaldocs/MK/602/1_602_3_1334.jpeg
2587,ברוך,קמין,603,https://fs.knesset.gov.il/globaldocs/MK/603/1_603_3_1336.jpeg
2588,יצחק,קנב,604,https://fs.knesset.gov.il/globaldocs/MK/604/1_604_3_1338.jpeg
2589,מסעד,קסיס,605,https://fs.knesset.gov.il/globaldocs/MK/605/1_605_3_1340.jpeg
2590,אליעזר,קפלן,606,https://fs.knesset.gov.il/globaldocs/MK/606/1_606_3_1342.jpeg
2591,נוזהת,קצב,607,https://fs.knesset.gov.il/globaldocs/MK/607/1_607_3_1344.jpeg
2592,ישראל,קרגמן,608,https://fs.knesset.gov.il/globaldocs/MK/608/1_608_3_1346.jpeg
2593,יוסף,קרמרמן,609,https://fs.knesset.gov.il/globaldocs/MK/609/1_609_3_1348.jpeg
2594,דוד,ראם,111,https://fs.knesset.gov.il/globaldocs/MK/111/1_111_3_307.jpeg
2595,יצחק,רבין,168,https://fs.knesset.gov.il/globaldocs/MK/168/1_168_3_426.jpeg
2596,יהושע,רבינוביץ,611,https://fs.knesset.gov.il/globaldocs/MK/611/1_611_3_1352.jpeg
2597,בן-ציון,רובין,612,https://fs.knesset.gov.il/globaldocs/MK/612/1_612_3_1354.jpeg
2598,חנן,רובין,613,https://fs.knesset.gov.il/globaldocs/MK/613/1_613_3_1356.jpeg
2599,דניאל,רוזוליו,614,https://fs.knesset.gov.il/globaldocs/MK/614/1_614_3_1358.jpeg
2600,פנחס,רוזן,615,https://fs.knesset.gov.il/globaldocs/MK/615/1_615_3_1360.jpeg
2601,שלמה,רוזן,616,https://fs.knesset.gov.il/globaldocs/MK/616/1_616_3_1362.jpeg
2602,יוסף,רום,617,https://fs.knesset.gov.il/globaldocs/MK/617/1_617_3_1364.jpeg
2603,אמרי,רון,618,https://fs.knesset.gov.il/globaldocs/MK/618/1_618_3_1366.jpeg
2604,אליעזר,רונן,619,https://fs.knesset.gov.il/globaldocs/MK/619/1_619_3_1368.jpeg
2605,ישראל,רוקח,620,https://fs.knesset.gov.il/globaldocs/MK/620/1_620_3_1370.jpeg
2606,נחמן,רז,621,https://fs.knesset.gov.il/globaldocs/MK/621/1_621_3_1372.jpeg
2607,אסתר,רזיאל-נאור,622,https://fs.knesset.gov.il/globaldocs/MK/622/1_622_3_1374.jpeg
2608,מיכאל,רייסר,623,https://fs.knesset.gov.il/globaldocs/MK/623/1_623_3_1376.jpeg
2609,אלימלך-שמעון,רימלט,624,https://fs.knesset.gov.il/globaldocs/MK/624/1_624_3_1378.jpeg
2610,יעקב,ריפתין,625,https://fs.knesset.gov.il/globaldocs/MK/625/1_625_3_1380.jpeg
2611,שמואל,רכטמן,626,https://fs.knesset.gov.il/globaldocs/MK/626/1_626_3_1382.jpeg
2612,אהרן,רמז,627,https://fs.knesset.gov.il/globaldocs/MK/627/1_627_3_1384.jpeg
2613,דוד,רמז,628,https://fs.knesset.gov.il/globaldocs/MK/628/1_628_3_1386.jpeg
2614,צבי,רנר,629,https://fs.knesset.gov.il/globaldocs/MK/629/1_629_3_1388.jpeg
2615,יצחק,רפאל,630,https://fs.knesset.gov.il/globaldocs/MK/630/1_630_3_1390.jpeg
2616,ברל,רפטור,631,https://fs.knesset.gov.il/globaldocs/MK/631/1_631_3_1392.jpeg
2617,מנחם,רצון,632,https://fs.knesset.gov.il/globaldocs/MK/632/1_632_3_1394.jpeg
2618,אברהם,רקנטי,633,https://fs.knesset.gov.il/globaldocs/MK/633/1_633_3_1396.jpeg
2619,אברהם חיים,שאג,634,https://fs.knesset.gov.il/globaldocs/MK/634/1_634_3_1398.jpeg
2620,אבנר-חי,שאקי,116,https://fs.knesset.gov.il/globaldocs/MK/116/1_116_3_319.jpeg
2621,שלום אברהם,שאקי,635,https://fs.knesset.gov.il/globaldocs/MK/635/1_635_3_1400.jpeg
2622,גונן,שגב,170,https://fs.knesset.gov.il/globaldocs/MK/170/1_170_3_430.jpeg
2623,גדעון,שגיא,171,https://fs.knesset.gov.il/globaldocs/MK/171/1_171_3_432.jpeg
2624,יהושע,שגיא,636,https://fs.knesset.gov.il/globaldocs/MK/636/1_636_3_1402.jpeg
2625,זלמן,שובל,637,https://fs.knesset.gov.il/globaldocs/MK/637/1_637_3_1404.jpeg
2626,פנחס,שומר,693,https://fs.knesset.gov.il/globaldocs/MK/693/1_693_3_1508.jpeg
2627,אליעזר,שוסטק,638,https://fs.knesset.gov.il/globaldocs/MK/638/1_638_3_1406.jpeg
2628,יוסף,שופמן,639,https://fs.knesset.gov.il/globaldocs/MK/639/1_639_3_1408.jpeg
2629,גרשום,שוקן,640,https://fs.knesset.gov.il/globaldocs/MK/640/1_640_3_1410.jpeg
2630,שמואל,שורש,641,https://fs.knesset.gov.il/globaldocs/MK/641/1_641_3_1412.jpeg
2631,זלמן,שזר,681,https://fs.knesset.gov.il/globaldocs/MK/681/1_681_3_1488.jpeg
2632,בנימין,שחור,642,https://fs.knesset.gov.il/globaldocs/MK/642/1_642_3_1414.jpeg
2633,משה,שחל,118,https://fs.knesset.gov.il/globaldocs/MK/118/1_118_3_323.jpeg
2634,שמעון,שטרית,172,https://fs.knesset.gov.il/globaldocs/MK/172/1_172_3_434.jpeg
2635,אברהם,שטרן,120,https://fs.knesset.gov.il/globaldocs/MK/120/1_120_3_329.jpeg
2636,דוד,שטרן,644,https://fs.knesset.gov.il/globaldocs/MK/644/1_644_3_1418.jpeg
2637,מרדכי-חיים,שטרן,645,https://fs.knesset.gov.il/globaldocs/MK/645/1_645_3_1420.jpeg
2638,שרה,שטרן-קטן,646,https://fs.knesset.gov.il/globaldocs/MK/646/1_646_3_1422.jpeg
2639,בכור-שלום,שיטרית,643,https://fs.knesset.gov.il/globaldocs/MK/643/1_643_3_1416.jpeg
2640,שבתאי,שיכמן,647,https://fs.knesset.gov.il/globaldocs/MK/647/1_647_3_1424.jpeg
2641,צבי,שילוח,648,https://fs.knesset.gov.il/globaldocs/MK/648/1_648_3_1426.jpeg
2642,דב,שילנסקי,173,https://fs.knesset.gov.il/globaldocs/MK/173/1_173_3_436.jpeg
2643,פנחס,שינמן,649,https://fs.knesset.gov.il/globaldocs/MK/649/1_649_3_1428.jpeg
2644,דוד,שיפמן,650,https://fs.knesset.gov.il/globaldocs/MK/650/1_650_3_1430.jpeg
2645,אברהם,שכטרמן,651,https://fs.knesset.gov.il/globaldocs/MK/651/1_651_3_1432.jpeg
2646,אפרים,שלום,652,https://fs.knesset.gov.il/globaldocs/MK/652/1_652_3_1434.jpeg
2647,בני,שליטא,653,https://fs.knesset.gov.il/globaldocs/MK/653/1_653_3_1436.jpeg
2648,ויקטור,שם-טוב,654,https://fs.knesset.gov.il/globaldocs/MK/654/1_654_3_1438.jpeg
2649,יעקב,שמאי,174,https://fs.knesset.gov.il/globaldocs/MK/174/1_174_3_438.jpeg
2650,דורון,שמואלי,124,https://fs.knesset.gov.il/globaldocs/MK/124/1_124_3_340.jpeg
2651,יהודית,שמחונית,655,https://fs.knesset.gov.il/globaldocs/MK/655/1_655_3_1440.jpeg
2652,יצחק,שמיר,175,https://fs.knesset.gov.il/globaldocs/MK/175/1_175_3_440.jpeg
2653,משה,שמיר,656,https://fs.knesset.gov.il/globaldocs/MK/656/1_656_3_1442.jpeg
2654,חביב,שמעוני,657,https://fs.knesset.gov.il/globaldocs/MK/657/1_657_3_1444.jpeg
2655,יהודה,שערי,658,https://fs.knesset.gov.il/globaldocs/MK/658/1_658_3_1446.jpeg
2656,גרשון,שפט,659,https://fs.knesset.gov.il/globaldocs/MK/659/1_659_3_1448.jpeg
2657,אריה,שפטל,660,https://fs.knesset.gov.il/globaldocs/MK/660/1_660_3_1450.jpeg
2658,יעקב,שפי,176,https://fs.knesset.gov.il/globaldocs/MK/176/1_176_3_442.jpeg
2659,אליהו,שפייזר,661,https://fs.knesset.gov.il/globaldocs/MK/661/1_661_3_1452.jpeg
2660,אברהם,שפירא,177,https://fs.knesset.gov.il/globaldocs/MK/177/1_177_3_444.jpeg
2661,חיים משה,שפירא,663,https://fs.knesset.gov.il/globaldocs/MK/663/1_663_3_1454.jpeg
2662,יעקב-שמשון,שפירא,665,https://fs.knesset.gov.il/globaldocs/MK/665/1_665_3_1456.jpeg
2663,זאב,שפר,666,https://fs.knesset.gov.il/globaldocs/MK/666/1_666_3_1458.jpeg
2664,יאיר,שפרינצק,667,https://fs.knesset.gov.il/globaldocs/MK/667/1_667_3_1460.jpeg
2665,יוסף,שפרינצק,668,https://fs.knesset.gov.il/globaldocs/MK/668/1_668_3_1462.jpeg
2666,ראובן,שרי,669,https://fs.knesset.gov.il/globaldocs/MK/669/1_669_3_1464.jpeg
2667,אברהם,שריר,670,https://fs.knesset.gov.il/globaldocs/MK/670/1_670_3_1466.jpeg
2668,זאב,שרף,671,https://fs.knesset.gov.il/globaldocs/MK/671/1_671_3_1468.jpeg
2669,אליהו,ששון,673,https://fs.knesset.gov.il/globaldocs/MK/673/1_673_3_1472.jpeg
2670,בנימין,ששון-סילס,674,https://fs.knesset.gov.il/globaldocs/MK/674/1_674_3_1474.jpeg
2671,אפרים,תבורי,675,https://fs.knesset.gov.il/globaldocs/MK/675/1_675_3_1476.jpeg
2672,דן,תיכון,128,https://fs.knesset.gov.il/globaldocs/MK/128/1_128_3_348.jpeg
2673,אמה,תלמי,676,https://fs.knesset.gov.il/globaldocs/MK/676/1_676_3_1478.jpeg
2675,יוסף,תמיר,678,https://fs.knesset.gov.il/globaldocs/MK/678/1_678_3_1482.jpeg
2676,שמואל,תמיר,679,https://fs.knesset.gov.il/globaldocs/MK/679/1_679_3_1484.jpeg
3175,אראלה,גולן,759,https://fs.knesset.gov.il/globaldocs/MK/759/1_759_3_1701.jpeg
4035,פנינה,רוזנבלום,760,https://fs.knesset.gov.il/globaldocs/MK/760/1_760_3_1703.jpeg
4155,טובה,אילן,761,https://fs.knesset.gov.il/globaldocs/MK/761/1_761_3_1705.jpeg
4156,רונן,צור,762,
4175,דני,קורן,763,https://fs.knesset.gov.il/globaldocs/MK/763/1_763_3_1709.jpeg
4217,אסתרינה,טרטמן,764,https://fs.knesset.gov.il/globaldocs/MK/764/1_764_3_1711.jpeg
4218,אורנה,אנג'ל,765,https://fs.knesset.gov.il/globaldocs/MK/765/1_765_3_1713.jpeg
4235,נטע,דוברין,766,https://fs.knesset.gov.il/globaldocs/MK/766/1_766_3_1715.jpeg
4295,חנא,סוייד,789,https://fs.knesset.gov.il/globaldocs/MK/789/1_789_3_1797.jpeg
4297,אברהים,צרצור,800,https://fs.knesset.gov.il/globaldocs/MK/800/1_800_3_1833.jpeg
4298,רפי,איתן,794,https://fs.knesset.gov.il/globaldocs/MK/794/1_794_3_1817.jpeg
4299,יעקב,בן-יזרי,796,https://fs.knesset.gov.il/globaldocs/MK/796/1_796_3_1822.jpeg
4300,משה,שרוני,803,https://fs.knesset.gov.il/globaldocs/MK/803/1_803_3_1841.jpeg
4301,יצחק,זיו,777,https://fs.knesset.gov.il/globaldocs/MK/777/1_777_3_1754.jpeg
4302,יצחק,גלנטי,799,https://fs.knesset.gov.il/globaldocs/MK/799/1_799_3_1830.jpeg
4303,אלחנן,גלזר,798,https://fs.knesset.gov.il/globaldocs/MK/798/1_798_3_1828.jpeg
4304,שרה,מרום שלו,787,https://fs.knesset.gov.il/globaldocs/MK/787/1_787_3_1791.jpeg
4355,יואל,חסון,772,https://fs.knesset.gov.il/globaldocs/MK/772/1_772_3_1739.jpeg
4375,עמירה,דותן,770,https://fs.knesset.gov.il/globaldocs/MK/770/1_770_3_1728.jpeg
4376,ישראל,חסון,781,https://fs.knesset.gov.il/globaldocs/MK/781/1_781_3_1768.jpeg
4395,אבי,דיכטר,771,https://fs.knesset.gov.il/globaldocs/MK/771/1_771_3_1732.jpeg
4396,אוריאל,רייכמן,775,
4397,זאב,אלקין,768,https://fs.knesset.gov.il/globaldocs/MK/768/1_768_3_1721.jpeg
4398,מנחם,בן-ששון,767,https://fs.knesset.gov.il/globaldocs/MK/767/1_767_3_1717.jpeg
4399,שלמה,ברזניץ,769,https://fs.knesset.gov.il/globaldocs/MK/769/1_769_3_1726.jpeg
4400,רונית,תירוש,774,https://fs.knesset.gov.il/globaldocs/MK/774/1_774_3_1747.jpeg
4401,עתניאל,שנלר,776,https://fs.knesset.gov.il/globaldocs/MK/776/1_776_3_1752.jpeg
4402,אביגדור,יצחקי,773,https://fs.knesset.gov.il/globaldocs/MK/773/1_773_3_1744.jpeg
4403,יורם,מרציאנו,788,https://fs.knesset.gov.il/globaldocs/MK/788/1_788_3_1794.jpeg
4404,נאדיה,חילו,779,https://fs.knesset.gov.il/globaldocs/MK/779/1_779_3_1758.jpeg
4405,שלי,יחימוביץ',782,https://fs.knesset.gov.il/globaldocs/MK/782/1_782_3_1773.jpeg
4406,עמיחי,אילון,792,https://fs.knesset.gov.il/globaldocs/MK/792/1_792_3_1808.jpeg
4407,אבישי,ברוורמן,797,https://fs.knesset.gov.il/globaldocs/MK/797/1_797_3_1825.jpeg
4408,ליה,שמטוב,802,https://fs.knesset.gov.il/globaldocs/MK/802/1_802_3_1839.jpeg
4409,אלכס,מילר,785,https://fs.knesset.gov.il/globaldocs/MK/785/1_785_3_1785.jpeg
4410,יוסף,שגל,801,https://fs.knesset.gov.il/globaldocs/MK/801/1_801_3_1836.jpeg
4411,סטס,מיסז'ניקוב,786,https://fs.knesset.gov.il/globaldocs/MK/786/1_786_3_1789.jpeg
4412,רוברט,אילטוב,793,https://fs.knesset.gov.il/globaldocs/MK/793/1_793_3_1812.jpeg
4413,יצחק,אהרונוביץ',790,https://fs.knesset.gov.il/globaldocs/MK/790/1_790_3_1801.jpeg
4414,יעקב,כהן,783,https://fs.knesset.gov.il/globaldocs/MK/783/1_783_3_1778.jpeg
4415,עבאס,זכור,778,https://fs.knesset.gov.il/globaldocs/MK/778/1_778_3_1756.jpeg
4416,דב,חנין,780,https://fs.knesset.gov.il/globaldocs/MK/780/1_780_3_1762.jpeg
4417,אריאל,אטיאס,791,https://fs.knesset.gov.il/globaldocs/MK/791/1_791_3_1805.jpeg
4418,חיים,אמסלם,795,https://fs.knesset.gov.il/globaldocs/MK/795/1_795_3_1820.jpeg
4419,אברהם,מיכאלי,784,https://fs.knesset.gov.il/globaldocs/MK/784/1_784_3_1781.jpeg
4635,שי,חרמש,804,https://fs.knesset.gov.il/globaldocs/MK/804/1_804_3_1844.jpeg
5907,סעדיה,כובאשי,820,https://fs.knesset.gov.il/globaldocs/MK/820/1_820_3_1897.jpeg
5955,בן-ציון,קשת,610,https://fs.knesset.gov.il/globaldocs/MK/610/1_610_3_1350.jpeg
5956,ציפורה,לסקוב,491,https://fs.knesset.gov.il/globaldocs/MK/491/1_491_3_1114.jpeg
5981,עמי אסף,וילקומיץ,266,https://fs.knesset.gov.il/globaldocs/MK/266/1_266_3_664.jpeg
6076,דוד,רותם,805,https://fs.knesset.gov.il/globaldocs/MK/805/1_805_3_1847.jpeg
6235,סעיד,נפאע,807,https://fs.knesset.gov.il/globaldocs/MK/807/1_807_3_1853.jpeg
7035,יצחק,בן ישראל,808,https://fs.knesset.gov.il/globaldocs/MK/808/1_808_3_1855.jpeg
7736,יוחנן,פלסנר,809,https://fs.knesset.gov.il/globaldocs/MK/809/1_809_3_1858.jpeg
9315,שלמה,מולה,810,https://fs.knesset.gov.il/globaldocs/MK/810/1_810_3_1861.jpeg
9615,יחיאל חיליק,בר,865,https://fs.knesset.gov.il/globaldocs/MK/865/1_865_3_2101.jpeg
10355,מזור,בהיינה,811,https://fs.knesset.gov.il/globaldocs/MK/811/1_811_3_1863.jpeg
10555,שכיב מוראד,שנאן,812,https://fs.knesset.gov.il/globaldocs/MK/812/1_812_3_1866.jpeg
11235,לאון,ליטינצקי,813,https://fs.knesset.gov.il/globaldocs/MK/813/1_813_3_1869.jpeg
11835,אורי,מקלב,814,https://fs.knesset.gov.il/globaldocs/MK/814/1_814_3_1874.jpeg
12595,צביה,גרינפילד,815,https://fs.knesset.gov.il/globaldocs/MK/815/1_815_3_1879.jpeg
12835,יהושע מנחם,פולק,816,https://fs.knesset.gov.il/globaldocs/MK/816/1_816_3_12413.jpeg
12935,רחל,אדטו,820,https://fs.knesset.gov.il/globaldocs/MK/820/1_820_3_1897.jpeg
12936,עפו,אגבאריה,842,https://fs.knesset.gov.il/globaldocs/MK/842/1_842_3_1995.jpeg
12937,אופיר,אקוניס,830,https://fs.knesset.gov.il/globaldocs/MK/830/1_830_3_1939.jpeg
12938,חמד,עמאר,837,https://fs.knesset.gov.il/globaldocs/MK/837/1_837_3_1973.jpeg
12939,דניאל,אילון,833,https://fs.knesset.gov.il/globaldocs/MK/833/1_833_3_1959.jpeg
12941,זאב,בילסקי,817,https://fs.knesset.gov.il/globaldocs/MK/817/1_817_3_1884.jpeg
12942,מיכאל,בן-ארי,841,https://fs.knesset.gov.il/globaldocs/MK/841/1_841_3_1992.jpeg
12943,אריה,ביבי,821,https://fs.knesset.gov.il/globaldocs/MK/821/1_821_3_1900.jpeg
12944,דני,דנון,828,https://fs.knesset.gov.il/globaldocs/MK/828/1_828_3_1930.jpeg
12945,מסעוד,גנאים,844,https://fs.knesset.gov.il/globaldocs/MK/844/1_844_3_2004.jpeg
12946,דניאל,הרשקוביץ,847,https://fs.knesset.gov.il/globaldocs/MK/847/1_847_3_2021.jpeg
12947,ניצן,הורוביץ,843,https://fs.knesset.gov.il/globaldocs/MK/843/1_843_3_1999.jpeg
12948,ציפי,חוטובלי,825,https://fs.knesset.gov.il/globaldocs/MK/825/1_825_3_1914.jpeg
12949,יעקב,כץ,463,https://fs.knesset.gov.il/globaldocs/MK/463/1_463_3_1058.jpeg
12950,פאניה,קירשנבאום,835,https://fs.knesset.gov.il/globaldocs/MK/835/1_835_3_1965.jpeg
12951,יריב,לוין,826,https://fs.knesset.gov.il/globaldocs/MK/826/1_826_3_1921.jpeg
12952,אורלי,לוי אבקסיס,832,https://fs.knesset.gov.il/globaldocs/MK/832/1_832_3_1953.jpeg
12953,משה (מוץ),מטלון,838,https://fs.knesset.gov.il/globaldocs/MK/838/1_838_3_1979.jpeg
12954,אנסטסיה,מיכאלי,834,https://fs.knesset.gov.il/globaldocs/MK/834/1_834_3_1962.jpeg
12955,מנחם אליעזר,מוזס,839,https://fs.knesset.gov.il/globaldocs/MK/839/1_839_3_1983.jpeg
12956,אורי,אורבך,845,https://fs.knesset.gov.il/globaldocs/MK/845/1_845_3_2010.jpeg
12957,יוסי,פלד,824,https://fs.knesset.gov.il/globaldocs/MK/824/1_824_3_1910.jpeg
12958,ציון,פיניאן,827,https://fs.knesset.gov.il/globaldocs/MK/827/1_827_3_1927.jpeg
12959,מירי (מרים),רגב,831,https://fs.knesset.gov.il/globaldocs/MK/831/1_831_3_1946.jpeg
12960,כרמל,שאמה-הכהן,829,https://fs.knesset.gov.il/globaldocs/MK/829/1_829_3_1934.jpeg
12961,נחמן,שי,818,https://fs.knesset.gov.il/globaldocs/MK/818/1_818_3_1888.jpeg
12962,רוברט,טיבייב,819,https://fs.knesset.gov.il/globaldocs/MK/819/1_819_3_1894.jpeg
12963,משה,יעלון,823,https://fs.knesset.gov.il/globaldocs/MK/823/1_823_3_1906.jpeg
12964,חנין,זועבי,846,https://fs.knesset.gov.il/globaldocs/MK/846/1_846_3_2015.jpeg
12965,אורית,זוארץ,822,https://fs.knesset.gov.il/globaldocs/MK/822/1_822_3_1903.jpeg
12966,דניאל,בן-סימון,836,https://fs.knesset.gov.il/globaldocs/MK/836/1_836_3_1969.jpeg
13830,יוליה,שמאלוב-ברקוביץ,848,https://fs.knesset.gov.il/globaldocs/MK/848/1_848_3_2024.jpeg
14470,עינת,וילף,849,https://fs.knesset.gov.il/globaldocs/MK/849/1_849_3_2027.jpeg
17630,נינו,אבסדזה,850,https://fs.knesset.gov.il/globaldocs/MK/850/1_850_3_2030.jpeg
18990,דורון,אביטל,851,https://fs.knesset.gov.il/globaldocs/MK/851/1_851_3_2033.jpeg
21431,אברהם,דואן,852,https://fs.knesset.gov.il/globaldocs/MK/852/1_852_3_2036.jpeg
22091,יובל,צלנר,853,https://fs.knesset.gov.il/globaldocs/MK/853/1_853_3_2039.jpeg
22151,אכרם,חסון,854,https://fs.knesset.gov.il/globaldocs/MK/854/1_854_3_2044.jpeg
22811,אחמד,דבאח,855,https://fs.knesset.gov.il/globaldocs/MK/855/1_855_3_20425.jpeg
22911,אללי,אדמסו,856,
23511,נפתלי,בנט,864,https://fs.knesset.gov.il/globaldocs/MK/864/1_864_3_2094.jpeg
23512,איילת,שקד,904,https://fs.knesset.gov.il/globaldocs/MK/904/1_904_3_2321.jpeg
23531,אלי,בן-דהן,863,https://fs.knesset.gov.il/globaldocs/MK/863/1_863_3_2087.jpeg
23532,זבולון,כלפה,893,https://fs.knesset.gov.il/globaldocs/MK/893/1_893_3_2255.jpeg
23533,אברהם,וורצמן,870,https://fs.knesset.gov.il/globaldocs/MK/870/1_870_3_2130.jpeg
23534,מרדכי (מוטי),יוגב,873,https://fs.knesset.gov.il/globaldocs/MK/873/1_873_3_2146.jpeg
23551,אורית,סטרוק,884,https://fs.knesset.gov.il/globaldocs/MK/884/1_884_3_2213.jpeg
23552,יוני,שטבון,898,https://fs.knesset.gov.il/globaldocs/MK/898/1_898_3_2284.jpeg
23553,שולי,מועלם-רפאלי,879,https://fs.knesset.gov.il/globaldocs/MK/879/1_879_3_2185.jpeg
23555,יאיר,שמיר,902,https://fs.knesset.gov.il/globaldocs/MK/902/1_902_3_2309.jpeg
23556,משה זלמן,פייגלין,885,https://fs.knesset.gov.il/globaldocs/MK/885/1_885_3_2217.jpeg
23557,שמעון,אוחיון,859,https://fs.knesset.gov.il/globaldocs/MK/859/1_859_3_2061.jpeg
23558,דוד,ביטן,914,https://fs.knesset.gov.il/globaldocs/MK/914/1_914_3_2378.jpeg
23560,יוליה,מלינובסקי,956,https://fs.knesset.gov.il/globaldocs/MK/956/1_956_3_2649.jpeg
23564,דוד,אמסלם,912,https://fs.knesset.gov.il/globaldocs/MK/912/1_912_3_2364.jpeg
23565,מרב,מיכאלי,881,https://fs.knesset.gov.il/globaldocs/MK/881/1_881_3_2196.jpeg
23566,סתיו,שפיר,903,https://fs.knesset.gov.il/globaldocs/MK/903/1_903_3_2314.jpeg
23567,אראל,מרגלית,882,https://fs.knesset.gov.il/globaldocs/MK/882/1_882_3_2203.jpeg
23568,איציק,שמולי,901,https://fs.knesset.gov.il/globaldocs/MK/901/1_901_3_2303.jpeg
23569,מיקי,רוזנטל,896,https://fs.knesset.gov.il/globaldocs/MK/896/1_896_3_2271.jpeg
23570,מיכל,בירן,862,https://fs.knesset.gov.il/globaldocs/MK/862/1_862_3_2080.jpeg
23571,משה,מזרחי,880,https://fs.knesset.gov.il/globaldocs/MK/880/1_880_3_2191.jpeg
23572,דניאל,עטר,940,https://fs.knesset.gov.il/globaldocs/MK/940/1_940_3_2550.jpeg
23573,יוסי,יונה,926,https://fs.knesset.gov.il/globaldocs/MK/926/1_926_3_2459.jpeg
23591,אלעזר,שטרן,899,https://fs.knesset.gov.il/globaldocs/MK/899/1_899_3_2289.jpeg
23592,דוד,צור,890,https://fs.knesset.gov.il/globaldocs/MK/890/1_890_3_2243.jpeg
23594,יאיר,לפיד,878,https://fs.knesset.gov.il/globaldocs/MK/878/1_878_3_2178.jpeg
23595,שי,פירון,886,https://fs.knesset.gov.il/globaldocs/MK/886/1_886_3_2221.jpeg
23596,יעל,גרמן,868,https://fs.knesset.gov.il/globaldocs/MK/868/1_868_3_2120.jpeg
23597,מאיר,כהן,874,https://fs.knesset.gov.il/globaldocs/MK/874/1_874_3_2153.jpeg
23598,יעקב,פרי,887,https://fs.knesset.gov.il/globaldocs/MK/887/1_887_3_2226.jpeg
23599,עליזה,לביא,875,https://fs.knesset.gov.il/globaldocs/MK/875/1_875_3_2160.jpeg
23600,עפר,שלח,900,https://fs.knesset.gov.il/globaldocs/MK/900/1_900_3_2296.jpeg
23601,יואל,רזבוזוב,897,https://fs.knesset.gov.il/globaldocs/MK/897/1_897_3_2278.jpeg
23602,עדי,קול,891,https://fs.knesset.gov.il/globaldocs/MK/891/1_891_3_2247.jpeg
23631,קארין,אלהרר,860,https://fs.knesset.gov.il/globaldocs/MK/860/1_860_3_2066.jpeg
23632,מיקי,לוי,876,https://fs.knesset.gov.il/globaldocs/MK/876/1_876_3_2167.jpeg
23633,שמעון,סולומון,883,https://fs.knesset.gov.il/globaldocs/MK/883/1_883_3_2209.jpeg
23634,רות,קלדרון,892,https://fs.knesset.gov.il/globaldocs/MK/892/1_892_3_2251.jpeg
23635,פנינה,תמנו,905,https://fs.knesset.gov.il/globaldocs/MK/905/1_905_3_2327.jpeg
23636,רינה,פרנקל,889,https://fs.knesset.gov.il/globaldocs/MK/889/1_889_3_2239.jpeg
23637,יפעת,קריב,894,https://fs.knesset.gov.il/globaldocs/MK/894/1_894_3_2259.jpeg
23638,דב,ליפמן,877,https://fs.knesset.gov.il/globaldocs/MK/877/1_877_3_2173.jpeg
23639,בועז,טופורובסקי,872,https://fs.knesset.gov.il/globaldocs/MK/872/1_872_3_2141.jpeg
23640,רונן,הופמן,869,https://fs.knesset.gov.il/globaldocs/MK/869/1_869_3_2126.jpeg
23641,יעקב,אשר,861,https://fs.knesset.gov.il/globaldocs/MK/861/1_861_3_2073.jpeg
23642,טלב,אבו עראר,857,https://fs.knesset.gov.il/globaldocs/MK/857/1_857_3_2055.jpeg
23643,באסל,גטאס,867,https://fs.knesset.gov.il/globaldocs/MK/867/1_867_3_2115.jpeg
23651,תמר,זנדברג,871,https://fs.knesset.gov.il/globaldocs/MK/871/1_871_3_2135.jpeg
23652,עיסאווי,פריג',888,https://fs.knesset.gov.il/globaldocs/MK/888/1_888_3_2233.jpeg
23653,מיכל,רוזין,895,https://fs.knesset.gov.il/globaldocs/MK/895/1_895_3_2264.jpeg
23673,עמר,בר-לב,866,https://fs.knesset.gov.il/globaldocs/MK/866/1_866_3_2108.jpeg
28513,יואב,בן צור,906,https://fs.knesset.gov.il/globaldocs/MK/906/1_906_3_2332.jpeg
29855,ליאור,אדרי,907,https://fs.knesset.gov.il/globaldocs/MK/907/1_907_3_2705.jpeg
30014,הלל אילן,הורוביץ,908,https://fs.knesset.gov.il/globaldocs/MK/908/1_908_3_2341.jpeg
30054,ינון,מגל,930,https://fs.knesset.gov.il/globaldocs/MK/930/1_930_3_2483.jpeg
30055,בצלאל,סמוטריץ',936,https://fs.knesset.gov.il/globaldocs/MK/936/1_936_3_2523.jpeg
30056,ז'קי,לוי,929,https://fs.knesset.gov.il/globaldocs/MK/929/1_929_3_2479.jpeg
30057,יואב,קיש,945,https://fs.knesset.gov.il/globaldocs/MK/945/1_945_3_2583.jpeg
30058,מכלוף מיקי,זוהר,922,https://fs.knesset.gov.il/globaldocs/MK/922/1_922_3_2431.jpeg
30059,ענת,ברקו,918,https://fs.knesset.gov.il/globaldocs/MK/918/1_918_3_2406.jpeg
30060,מנואל,טרכטנברג,925,https://fs.knesset.gov.il/globaldocs/MK/925/1_925_3_2452.jpeg
30061,רויטל,סויד,935,https://fs.knesset.gov.il/globaldocs/MK/935/1_935_3_2516.jpeg
30062,זוהיר,בהלול,913,https://fs.knesset.gov.il/globaldocs/MK/913/1_913_3_2371.jpeg
30063,איתן,ברושי,917,https://fs.knesset.gov.il/globaldocs/MK/917/1_917_3_2399.jpeg
30064,קסניה,סבטלובה,934,https://fs.knesset.gov.il/globaldocs/MK/934/1_934_3_2509.jpeg
30065,איילת,נחמיאס ורבין,933,https://fs.knesset.gov.il/globaldocs/MK/933/1_933_3_2502.jpeg
30066,איימן,עודה,938,https://fs.knesset.gov.il/globaldocs/MK/938/1_938_3_2537.jpeg
30067,עאידה,תומא סלימאן,948,https://fs.knesset.gov.il/globaldocs/MK/948/1_948_3_2597.jpeg
30068,עבד אל חכים,חאג' יחיא,923,https://fs.knesset.gov.il/globaldocs/MK/923/1_923_3_2438.jpeg
30069,יוסף,ג'בארין,919,https://fs.knesset.gov.il/globaldocs/MK/919/1_919_3_2413.jpeg
30070,אוסאמה,סעדי,937,https://fs.knesset.gov.il/globaldocs/MK/937/1_937_3_2530.jpeg
30071,עבדאללה,אבו מערוף,909,https://fs.knesset.gov.il/globaldocs/MK/909/1_909_3_2346.jpeg
30074,חיים,ילין,927,https://fs.knesset.gov.il/globaldocs/MK/927/1_927_3_2466.jpeg
30076,שרון,גל,920,https://fs.knesset.gov.il/globaldocs/MK/920/1_920_3_2419.jpeg
30077,יואב,גלנט,921,https://fs.knesset.gov.il/globaldocs/MK/921/1_921_3_2424.jpeg
30078,אלי,אלאלוף,911,https://fs.knesset.gov.il/globaldocs/MK/911/1_911_3_2357.jpeg
30079,מיכאל,אורן,910,https://fs.knesset.gov.il/globaldocs/MK/910/1_910_3_2352.jpeg
30080,רחל,עזריה,939,https://fs.knesset.gov.il/globaldocs/MK/939/1_939_3_2544.jpeg
30081,טלי,פלוסקוב,942,https://fs.knesset.gov.il/globaldocs/MK/942/1_942_3_2562.jpeg
30082,יפעת,שאשא ביטון,946,https://fs.knesset.gov.il/globaldocs/MK/946/1_946_3_2590.jpeg
30083,אלי,כהן,928,https://fs.knesset.gov.il/globaldocs/MK/928/1_928_3_2473.jpeg
30084,רועי,פולקמן,941,https://fs.knesset.gov.il/globaldocs/MK/941/1_941_3_2555.jpeg
30094,נאוה,בוקר,943,https://fs.knesset.gov.il/globaldocs/MK/943/1_943_3_2569.jpeg
30095,אברהם,נגוסה,932,https://fs.knesset.gov.il/globaldocs/MK/932/1_932_3_2495.jpeg
30096,נורית,קורן,944,https://fs.knesset.gov.il/globaldocs/MK/944/1_944_3_2576.jpeg
30097,ירון,מזוז,931,https://fs.knesset.gov.il/globaldocs/MK/931/1_931_3_2488.jpeg
30098,אורן אסף,חזן,924,https://fs.knesset.gov.il/globaldocs/MK/924/1_924_3_2445.jpeg
30099,איל,בן ראובן,916,https://fs.knesset.gov.il/globaldocs/MK/916/1_916_3_2392.jpeg
30102,מירב,בן-ארי,915,https://fs.knesset.gov.il/globaldocs/MK/915/1_915_3_2385.jpeg
30106,נעמה,לזימי,1082,https://fs.knesset.gov.il/globaldocs/MK/1082/1_1082_3_17989.jpeg
30117,אברהם (אבי),גבאי,949,https://fs.knesset.gov.il/globaldocs/MK/949/1_949_3_2602.jpeg
30118,שרן מרים,השכל,950,https://fs.knesset.gov.il/globaldocs/MK/950/1_950_3_2607.jpeg
30121,עודד,פורר,951,https://fs.knesset.gov.il/globaldocs/MK/951/1_951_3_2614.jpeg
30289,יעל,כהן-פארן,952,https://fs.knesset.gov.il/globaldocs/MK/952/1_952_3_2621.jpeg
30300,אמיר,אוחנה,953,https://fs.knesset.gov.il/globaldocs/MK/953/1_953_3_2628.jpeg
30328,יגאל,גואטה,954,https://fs.knesset.gov.il/globaldocs/MK/954/1_954_3_2635.jpeg
30407,יהודה,גליק,955,https://fs.knesset.gov.il/globaldocs/MK/955/1_955_3_2642.jpeg
30470,מיכאל,מלכיאלי,957,https://fs.knesset.gov.il/globaldocs/MK/957/1_957_3_2656.jpeg
30520,ג'מעה,אזברגה,958,https://fs.knesset.gov.il/globaldocs/MK/958/1_958_3_2663.jpeg
30548,סעיד,אלחרומי,959,https://fs.knesset.gov.il/globaldocs/MK/959/1_959_3_2670.jpeg
30549,דן,סיידה,960,https://fs.knesset.gov.il/globaldocs/MK/960/1_960_3_2716.jpeg
30550,אבראהים,חג'אזי,961,https://fs.knesset.gov.il/globaldocs/MK/961/1_961_3_2678.jpeg
30554,סאלח,סעד,962,https://fs.knesset.gov.il/globaldocs/MK/962/1_962_3_2683.jpeg
30555,לאה,פדידה,963,https://fs.knesset.gov.il/globaldocs/MK/963/1_963_3_2690.jpeg
30558,יוסף,עטאונה,964,https://fs.knesset.gov.il/globaldocs/MK/964/1_964_3_2697.jpeg
30588,ואאל,יונס,968,https://fs.knesset.gov.il/globaldocs/MK/968/1_968_3_2712.jpeg
30601,ינון,אזולאי,970,https://fs.knesset.gov.il/globaldocs/MK/970/1_970_3_2722.jpeg
30628,ניבין,אבו רחמון,971,https://fs.knesset.gov.il/globaldocs/MK/971/1_971_3_10681.jpeg
30646,אוסנת הילה,מארק,972,https://fs.knesset.gov.il/globaldocs/MK/972/1_972_3_10778.jpeg
30654,פנתהון,סיום,973,https://fs.knesset.gov.il/globaldocs/MK/973/1_973_3_10843.jpeg
30657,בנימין (בני),גנץ,988,https://fs.knesset.gov.il/globaldocs/MK/988/1_988_3_12347.jpeg
30660,משה,ארבל,1008,https://fs.knesset.gov.il/globaldocs/MK/1008/1_1008_3_11235.jpeg
30662,מתן,כהנא,1030,https://fs.knesset.gov.il/globaldocs/MK/1030/1_1030_3_13542.jpeg
30671,יעקב,טסלר,996,https://fs.knesset.gov.il/globaldocs/MK/996/1_996_3_11221.jpeg
30672,יצחק,פינדרוס,1001,https://fs.knesset.gov.il/globaldocs/MK/1001/1_1001_3_11229.jpeg
30677,גבריאל (גבי),אשכנזי,989,https://fs.knesset.gov.il/globaldocs/MK/989/1_989_3_12343.jpeg
30678,אברהם (אבי),ניסנקורן,975,https://fs.knesset.gov.il/globaldocs/MK/975/1_975_3_11104.jpeg
30679,מיכל (מיקי),חיימוביץ',1005,https://fs.knesset.gov.il/globaldocs/MK/1005/1_1005_3_11249.jpeg
30680,יועז,הנדל,997,https://fs.knesset.gov.il/globaldocs/MK/997/1_997_3_11223.jpeg
30681,אורנה,ברביבאי,980,https://fs.knesset.gov.il/globaldocs/MK/980/1_980_3_11115.jpeg
30682,מיכאל,ביטון,1003,https://fs.knesset.gov.il/globaldocs/MK/1003/1_1003_3_11237.jpeg
30683,יחיאל (חילי),טרופר,1000,https://fs.knesset.gov.il/globaldocs/MK/1000/1_1000_3_11227.jpeg
30684,צבי (צביקה),האוזר,1017,https://fs.knesset.gov.il/globaldocs/MK/1017/1_1017_3_12306.jpeg
30685,אורית,פרקש-הכהן,978,https://fs.knesset.gov.il/globaldocs/MK/978/1_978_3_11111.jpeg
30686,מירב,כהן,1006,https://fs.knesset.gov.il/globaldocs/MK/1006/1_1006_3_11251.jpeg
30687,אסף,זמיר,986,https://fs.knesset.gov.il/globaldocs/MK/986/1_986_3_11126.jpeg
30688,יזהר,שי,999,https://fs.knesset.gov.il/globaldocs/MK/999/1_999_3_12332.jpeg
30689,עומר,ינקלביץ',1012,https://fs.knesset.gov.il/globaldocs/MK/1012/1_1012_3_12310.jpeg
30690,ע'דיר כמאל,מריח,1020,https://fs.knesset.gov.il/globaldocs/MK/1020/1_1020_3_12316.jpeg
30691,רם,בן ברק,1022,https://fs.knesset.gov.il/globaldocs/MK/1022/1_1022_3_11242.jpeg
30692,אורלי,פרומן,979,https://fs.knesset.gov.il/globaldocs/MK/979/1_979_3_11101.jpeg
30693,איתן,גינזבורג,981,https://fs.knesset.gov.il/globaldocs/MK/981/1_981_3_11118.jpeg
30694,אלון,שוסטר,982,https://fs.knesset.gov.il/globaldocs/MK/982/1_982_3_11099.jpeg
30695,יואב,סגלוביץ',995,https://fs.knesset.gov.il/globaldocs/MK/995/1_995_3_11219.jpeg
30696,רם,שפע,1023,https://fs.knesset.gov.il/globaldocs/MK/1023/1_1023_3_12336.jpeg
30698,טל,רוסו,993,https://fs.knesset.gov.il/globaldocs/MK/993/1_993_3_11215.jpeg
30700,ניר,ברקת,974,https://fs.knesset.gov.il/globaldocs/MK/974/1_974_3_12308.jpeg
30701,אופיר,כץ,976,https://fs.knesset.gov.il/globaldocs/MK/976/1_976_3_12324.jpeg
30702,חוה אתי,עטייה,992,https://fs.knesset.gov.il/globaldocs/MK/992/1_992_3_11212.jpeg
30703,קרן,ברק,1019,https://fs.knesset.gov.il/globaldocs/MK/1019/1_1019_3_12301.jpeg
30704,שלמה,קרעי,1011,https://fs.knesset.gov.il/globaldocs/MK/1011/1_1011_3_12326.jpeg
30705,מיכל,שיר סגמן,1004,https://fs.knesset.gov.il/globaldocs/MK/1004/1_1004_3_12334.jpeg
30706,קטי קטרין,שטרית,1018,https://fs.knesset.gov.il/globaldocs/MK/1018/1_1018_3_12330.jpeg
30707,פטין,מולא,1016,https://fs.knesset.gov.il/globaldocs/MK/1016/1_1016_3_12314.jpeg
30708,מאי,גולן,1002,https://fs.knesset.gov.il/globaldocs/MK/1002/1_1002_3_12304.jpeg
30709,עוזי,דיין,1010,https://fs.knesset.gov.il/globaldocs/MK/1010/1_1010_3_11255.jpeg
30710,אריאל,קלנר,987,https://fs.knesset.gov.il/globaldocs/MK/987/1_987_3_11129.jpeg
30711,עמית,הלוי,1044,https://fs.knesset.gov.il/globaldocs/MK/1044/1_1044_3_16220.jpeg
30713,מנסור,עבאס,1007,https://fs.knesset.gov.il/globaldocs/MK/1007/1_1007_3_12320.jpeg
30714,אנטאנס,שחאדה,985,https://fs.knesset.gov.il/globaldocs/MK/985/1_985_3_12355.jpeg
30715,היבה,יזבק,991,https://fs.knesset.gov.il/globaldocs/MK/991/1_991_3_11209.jpeg
30716,רפאל (רפי),פרץ,1021,https://fs.knesset.gov.il/globaldocs/MK/1021/1_1021_3_12322.jpeg
30717,אופיר,סופר,977,https://fs.knesset.gov.il/globaldocs/MK/977/1_977_3_11108.jpeg
30718,עידית,סילמן,1014,https://fs.knesset.gov.il/globaldocs/MK/1014/1_1014_3_12318.jpeg
30719,עופר,כסיף,1013,https://fs.knesset.gov.il/globaldocs/MK/1013/1_1013_3_12312.jpeg
30720,יוראי,להב-הרצנו,998,https://fs.knesset.gov.il/globaldocs/MK/998/1_998_3_11225.jpeg
30721,עידן,רול,1009,https://fs.knesset.gov.il/globaldocs/MK/1009/1_1009_3_12328.jpeg
30722,יבגני,סובה,994,https://fs.knesset.gov.il/globaldocs/MK/994/1_994_3_11217.jpeg
30723,אלי,אבידר,983,https://fs.knesset.gov.il/globaldocs/MK/983/1_983_3_11123.jpeg
30724,דסטה גדי,יברקן,990,https://fs.knesset.gov.il/globaldocs/MK/990/1_990_3_11206.jpeg
30741,אלכס,קושניר,1024,https://fs.knesset.gov.il/globaldocs/MK/1024/1_1024_3_13548.jpeg
30743,יאיר,גולן,1027,https://fs.knesset.gov.il/globaldocs/MK/1027/1_1027_3_13536.jpeg
30745,לימור,מגן תלם,1075,https://fs.knesset.gov.il/globaldocs/MK/1075/1_1075_3_17948.jpeg
30746,מרק,איפראימוב,1028,https://fs.knesset.gov.il/globaldocs/MK/1028/1_1028_3_13533.jpeg
30749,משה,אבוטבול,1029,https://fs.knesset.gov.il/globaldocs/MK/1029/1_1029_3_13527.jpeg
30750,ג'אבר,עסאקלה,1025,https://fs.knesset.gov.il/globaldocs/MK/1025/1_1025_3_13545.jpeg
30751,סמי,אבו שחאדה,1031,https://fs.knesset.gov.il/globaldocs/MK/1031/1_1031_3_13530.jpeg
30752,וליד,טאהא,1026,https://fs.knesset.gov.il/globaldocs/MK/1026/1_1026_3_13539.jpeg
30758,אימאן,ח'טיב יאסין,1032,https://fs.knesset.gov.il/globaldocs/MK/1032/1_1032_3_13745.jpeg
30759,סונדוס,סאלח,1034,https://fs.knesset.gov.il/globaldocs/MK/1034/1_1034_3_13747.jpeg
30760,אנדרי,קוז'ינוב,1033,https://fs.knesset.gov.il/globaldocs/MK/1033/1_1033_3_13752.jpeg
30762,מיכל,וונש,1036,https://fs.knesset.gov.il/globaldocs/MK/1036/1_1036_3_15031.jpeg
30763,עינב,קאבלה,1037,https://fs.knesset.gov.il/globaldocs/MK/1037/1_1037_3_15036.jpeg
30764,תהלה,פרידמן,1038,https://fs.knesset.gov.il/globaldocs/MK/1038/1_1038_3_15041.jpeg
30765,אוריאל,בוסו,1039,https://fs.knesset.gov.il/globaldocs/MK/1039/1_1039_3_15050.jpeg
30766,הילה,שי וזאן,1040,https://fs.knesset.gov.il/globaldocs/MK/1040/1_1040_3_15057.jpeg
30767,אליהו,חסיד,1041,https://fs.knesset.gov.il/globaldocs/MK/1041/1_1041_3_15106.jpeg
30768,אליהו,ברוכי,1042,https://fs.knesset.gov.il/globaldocs/MK/1042/1_1042_3_15101.jpeg
30770,יוסף (יוסי),טייב,1043,https://fs.knesset.gov.il/globaldocs/MK/1043/1_1043_3_15131.jpeg
30772,ניסים,ואטורי,1045,https://fs.knesset.gov.il/globaldocs/MK/1045/1_1045_3_16502.jpeg
30773,שבח,שטרן,1046,https://fs.knesset.gov.il/globaldocs/MK/1046/1_1046_3_16551.jpeg
30774,מטי (מרטין),יוגב,1047,https://fs.knesset.gov.il/globaldocs/MK/1047/1_1047_3_16543.jpeg
30775,יעל,רון בן משה,1048,https://fs.knesset.gov.il/globaldocs/MK/1048/1_1048_3_16568.jpeg
30776,ולדימיר,בליאק,1049,https://fs.knesset.gov.il/globaldocs/MK/1049/1_1049_3_16601.jpeg
30777,משה,טור פז,1050,https://fs.knesset.gov.il/globaldocs/MK/1050/1_1050_3_16606.jpeg
30778,רות,וסרמן-לנדה,1052,https://fs.knesset.gov.il/globaldocs/MK/1052/1_1052_3_16618.jpeg
30779,ענת,כנפו,1053,https://fs.knesset.gov.il/globaldocs/MK/1053/1_1053_3_17665.jpeg
30780,רון,כץ,1061,https://fs.knesset.gov.il/globaldocs/MK/1061/1_1061_3_17813.jpeg
30781,נירה,שפק,1071,https://fs.knesset.gov.il/globaldocs/MK/1071/1_1071_3_17803.jpeg
30782,טטיאנה (טניה),מזרסקי,1076,https://fs.knesset.gov.il/globaldocs/MK/1076/1_1076_3_17974.jpeg
30783,יסמין,פרידמן,1079,https://fs.knesset.gov.il/globaldocs/MK/1079/1_1079_3_17943.jpeg
30784,ענבר,בזק,1084,https://fs.knesset.gov.il/globaldocs/MK/1084/1_1084_3_18001.jpeg
30786,עמיחי,שיקלי,1070,https://fs.knesset.gov.il/globaldocs/MK/1070/1_1070_3_17798.jpeg
30787,ניר,אורבך,1054,https://fs.knesset.gov.il/globaldocs/MK/1054/1_1054_3_17808.jpeg
30788,אביר,קארה,1065,https://fs.knesset.gov.il/globaldocs/MK/1065/1_1065_3_17768.jpeg
30789,שירלי,פינטו קדוש,1078,https://fs.knesset.gov.il/globaldocs/MK/1078/1_1078_3_17932.jpeg
30791,יום טוב חי,כלפון,1083,https://fs.knesset.gov.il/globaldocs/MK/1083/1_1083_3_17993.jpeg
30794,אורנה,שטרקמן,1089,https://fs.knesset.gov.il/globaldocs/MK/1089/1_1089_3_19615.jpeg
30796,יוסף (יוסי),שיין,1080,https://fs.knesset.gov.il/globaldocs/MK/1080/1_1080_3_17958.jpeg
30797,מאיר,יצחק הלוי,1074,https://fs.knesset.gov.il/globaldocs/MK/1074/1_1074_3_17953.jpeg
30799,מישל,בוסקילה,1088,https://fs.knesset.gov.il/globaldocs/MK/1088/1_1088_3_19591.jpeg
30803,מאזן,גנאים,1057,https://fs.knesset.gov.il/globaldocs/MK/1057/1_1057_3_17763.jpeg
30804,חיים,ביטון,1055,https://fs.knesset.gov.il/globaldocs/MK/1055/1_1055_3_17783.jpeg
30805,ג'ידא,רינאוי-זועבי,1069,https://fs.knesset.gov.il/globaldocs/MK/1069/1_1069_3_17748.jpeg
30806,אמילי חיה,מואטי,1062,https://fs.knesset.gov.il/globaldocs/MK/1062/1_1062_3_17743.jpeg
30807,גלעד,קריב,1066,https://fs.knesset.gov.il/globaldocs/MK/1066/1_1066_3_17753.jpeg
30808,אפרת,רייטן,1068,https://fs.knesset.gov.il/globaldocs/MK/1068/1_1068_3_17773.jpeg
30809,גלית,דיסטל אטבריאן,1059,https://fs.knesset.gov.il/globaldocs/MK/1059/1_1059_3_17778.jpeg
30810,מיכל מרים,וולדיגר,1060,https://fs.knesset.gov.il/globaldocs/MK/1060/1_1060_3_17793.jpeg
30811,איתמר,בן גביר,1056,https://fs.knesset.gov.il/globaldocs/MK/1056/1_1056_3_17788.jpeg
30812,שמחה,רוטמן,1067,https://fs.knesset.gov.il/globaldocs/MK/1067/1_1067_3_17818.jpeg
30813,אבתיסאם,מראענה,1064,https://fs.knesset.gov.il/globaldocs/MK/1064/1_1064_3_17758.jpeg
30814,אביגדור (אבי),מעוז,1063,https://fs.knesset.gov.il/globaldocs/MK/1063/1_1063_3_17738.jpeg
30815,אלינה,בדרץ' יאלוב,1072,https://fs.knesset.gov.il/globaldocs/MK/1072/1_1072_3_17963.jpeg
30816,מופיד,מרעי,1077,https://fs.knesset.gov.il/globaldocs/MK/1077/1_1077_3_17927.jpeg
30817,אלון,טל,1073,https://fs.knesset.gov.il/globaldocs/MK/1073/1_1073_3_17938.jpeg
30818,גבי,לסקי,1081,https://fs.knesset.gov.il/globaldocs/MK/1081/1_1081_3_17968.jpeg
30820,סימון,דוידסון,1085,https://fs.knesset.gov.il/globaldocs/MK/1085/1_1085_3_18028.jpeg
30821,עלי,סלאלחה,1086,https://fs.knesset.gov.il/globaldocs/MK/1086/1_1086_3_18081.jpeg
30823,שרון,רופא אופיר,1087,https://fs.knesset.gov.il/globaldocs/MK/1087/1_1087_3_18122.jpeg
30824,גדי,איזנקוט,1092,https://fs.knesset.gov.il/globaldocs/MK/1092/1_1092_3_19647.jpeg
30825,דן,אילוז,1116,https://fs.knesset.gov.il/globaldocs/MK/1116/1_1116_3_19861.jpeg
30826,וליד,אלהואשלה,1093,https://fs.knesset.gov.il/globaldocs/MK/1093/1_1093_3_19652.jpeg
30827,עמיחי,אליהו,1096,https://fs.knesset.gov.il/globaldocs/MK/1096/1_1096_3_19667.jpeg
30828,אביחי,בוארון,1126,https://fs.knesset.gov.il/globaldocs/MK/1126/1_1126_3_20040.jpeg
30829,דבורה,ביטון,1094,https://fs.knesset.gov.il/globaldocs/MK/1094/1_1094_3_19657.jpeg
30830,בועז,ביסמוט,1095,https://fs.knesset.gov.il/globaldocs/MK/1095/1_1095_3_19662.jpeg
30831,אברהם,בצלאל,1097,https://fs.knesset.gov.il/globaldocs/MK/1097/1_1097_3_19672.jpeg
30832,ששון,גואטה,1125,https://fs.knesset.gov.il/globaldocs/MK/1125/1_1125_3_20029.jpeg
30833,טלי,גוטליב,1098,https://fs.knesset.gov.il/globaldocs/MK/1098/1_1098_3_19677.jpeg
30834,יצחק,גולדקונפף,1099,https://fs.knesset.gov.il/globaldocs/MK/1099/1_1099_3_19749.jpeg
30835,אליהו,דלל,1100,https://fs.knesset.gov.il/globaldocs/MK/1100/1_1100_3_19682.jpeg
30836,שלום,דנינו,1101,https://fs.knesset.gov.il/globaldocs/MK/1101/1_1101_3_19687.jpeg
30837,מטי צרפתי,הרכבי,1091,https://fs.knesset.gov.il/globaldocs/MK/1091/1_1091_3_19743.jpeg
30838,יצחק שמעון,וסרלאוף,1102,https://fs.knesset.gov.il/globaldocs/MK/1102/1_1102_3_19692.jpeg
30839,יאסר,חוג'יראת,1103,https://fs.knesset.gov.il/globaldocs/MK/1103/1_1103_3_19697.jpeg
30840,אוהד,טל,1090,https://fs.knesset.gov.il/globaldocs/MK/1090/1_1090_3_19702.jpeg
30841,אלמוג,כהן,1104,https://fs.knesset.gov.il/globaldocs/MK/1104/1_1104_3_19707.jpeg
30843,סימיון,מושיאשוילי,1120,https://fs.knesset.gov.il/globaldocs/MK/1120/1_1120_3_19940.jpeg
30844,חנוך,מלביצקי,1105,https://fs.knesset.gov.il/globaldocs/MK/1105/1_1105_3_19712.jpeg
30845,שלי,טל מירון,1118,https://fs.knesset.gov.il/globaldocs/MK/1118/1_1118_3_19926.jpeg
30846,יונתן (יוני),מישרקי,1115,https://fs.knesset.gov.il/globaldocs/MK/1115/1_1115_3_19849.jpeg
30847,ארז,מלול,1119,https://fs.knesset.gov.il/globaldocs/MK/1119/1_1119_3_19933.jpeg
30848,צגה,מלקו,1122,https://fs.knesset.gov.il/globaldocs/MK/1122/1_1122_3_19962.jpeg
30849,שרון,ניר,1106,https://fs.knesset.gov.il/globaldocs/MK/1106/1_1106_3_19718.jpeg
30850,צבי,סוכות,1121,https://fs.knesset.gov.il/globaldocs/MK/1121/1_1121_3_19949.jpeg
30851,משה,סולומון,1107,https://fs.knesset.gov.il/globaldocs/MK/1107/1_1107_3_19723.jpeg
30852,לימור,סון הר-מלך,1108,https://fs.knesset.gov.il/globaldocs/MK/1108/1_1108_3_19728.jpeg
30853,משה,סעדה,1109,https://fs.knesset.gov.il/globaldocs/MK/1109/1_1109_3_19733.jpeg
30854,צביקה,פוגל,1110,https://fs.knesset.gov.il/globaldocs/MK/1110/1_1110_3_19738.jpeg
30856,יצחק,קרויזר,1114,https://fs.knesset.gov.il/globaldocs/MK/1114/1_1114_3_19866.jpeg
30857,אליהו,רביבו,1111,https://fs.knesset.gov.il/globaldocs/MK/1111/1_1111_3_19753.jpeg
30858,משה,רוט,1117,https://fs.knesset.gov.il/globaldocs/MK/1117/1_1117_3_19896.jpeg
30859,נאור,שירי,1112,https://fs.knesset.gov.il/globaldocs/MK/1112/1_1112_3_19758.jpeg
30860,אושר,שקלים,1123,https://fs.knesset.gov.il/globaldocs/MK/1123/1_1123_3_19975.jpeg
